841981679	/home/kei/class_hybrid_a10/.git/objects/pack/pack-5e49e2e09b8ef64a0e788582c6a0cf52cd9aaa32.pack
312059824	/home/kei/class_hybrid_a10/chains/a10_phase4_shoes.1.txt
150976571	/home/kei/class_hybrid_a10/chains_h0_scan/scan_730_unlimit.1.txt
112329988	/home/kei/class_hybrid_a10/chains_h0_scan/scan_730_hardlock.1.txt
112233041	/home/kei/class_hybrid_a10/chains/a10_run2.1.txt
109175989	/home/kei/class_hybrid_a10/.git/objects/df/52e9bd08353bbb5dcd3124cf96e1b225bab9c9
78672677	/home/kei/class_hybrid_a10/chains_h0_scan/scan_730_unlimit_v2.1.txt
67707556	/home/kei/class_hybrid_a10/chains/run_B_fixed137.2.txt
67579722	/home/kei/class_hybrid_a10/evidence/RunB_Fixed137_Final/run_B_fixed137.2.txt
67503498	/home/kei/class_hybrid_a10/chains/run_B_fixed137.1.txt
67395514	/home/kei/class_hybrid_a10/evidence/RunB_Fixed137_Final/run_B_fixed137.1.txt
66707116	/home/kei/class_hybrid_a10/chains/run_B_fixed137.3.txt
66588810	/home/kei/class_hybrid_a10/evidence/RunB_Fixed137_Final/run_B_fixed137.3.txt
60331967	/home/kei/class_hybrid_a10/packages/data/bao_data/sdss_DR16_ELG_FSBAO_DMDHfs8gridlikelihood.txt
54780270	/home/kei/class_hybrid_a10/chains/a10_main_rescue.1.txt
53523861	/home/kei/class_hybrid_a10/packages/data/sn_data/DESY5/covsys_000.txt
50460424	/home/kei/class_hybrid_a10/a10_repro_assets_collect/planck_2018_likelihood_data_minimal.tar.zip
50270450	/home/kei/class_hybrid_a10/.git/objects/14/0d9f85dde9d1e4c1ebc9d8e87f40448b3f3fa9
48290995	/home/kei/class_hybrid_a10/chains/run_C_freegate.1.txt
47986870	/home/kei/class_hybrid_a10/chains/run_C_freegate.2.txt
47958485	/home/kei/class_hybrid_a10/chains/run_C_freegate.3.txt
45285046	/home/kei/class_hybrid_a10/save_repaired_unified_highH0_narrow_20260424_135602/repaired_unified_highH0_narrow.1.txt
45285046	/home/kei/class_hybrid_a10/chains/repaired_unified_highH0_narrow.1.txt
44901492	/home/kei/class_hybrid_a10/save_repaired_unified_highH0_narrow_20260424_135602/repaired_unified_highH0_narrow.2.txt
44901492	/home/kei/class_hybrid_a10/chains/repaired_unified_highH0_narrow.2.txt
44657978	/home/kei/class_hybrid_a10/save_repaired_unified_highH0_narrow_20260424_135602/repaired_unified_highH0_narrow.3.txt
44657978	/home/kei/class_hybrid_a10/chains/repaired_unified_highH0_narrow.3.txt
44646405	/home/kei/class_hybrid_a10/chains/a10_wp0_valley.1.txt
41921280	/home/kei/class_hybrid_a10/packages/data/planck_2018/baseline/plc_3.0/hi_l/plik/plik_rd12_HM_v22b_TTTEEE.clik/clik/lkl_0/criterion_gauss_mat
41921280	/home/kei/class_hybrid_a10/a10_repro_assets_collect/planck_2018_likelihood_data_minimal.tar/planck_2018_likelihood_data_minimal/packages/data/planck_2018/baseline/plc_3.0/hi_l/plik/plik_rd12_HM_v22b_TTTEEE.clik/clik/lkl_0/criterion_gauss_mat
40622793	/home/kei/class_hybrid_a10/.git/objects/d1/839b83f1afcee8633fdb72349f4013fb9dd234
39896549	/home/kei/class_hybrid_a10/.git/objects/1d/0f018a3df492144d90dda11bd67c25b489a95a
35123345	/home/kei/class_hybrid_a10/.venv_a10build/lib/python3.12/site-packages/numpy.libs/libopenblas64_p-r0-0cf96a72.3.23.dev.so
33284960	/home/kei/class_hybrid_a10/packages/data/sn_data/PantheonPlus/Pantheon+SH0ES_STAT+SYS.cov
31843540	/home/kei/class_hybrid_a10/save_repaired_unified_highH0_narrow_rerun_20260425_081058.tar/save_repaired_unified_highH0_narrow_rerun_20260425_081058/repaired_unified_highH0_narrow_rerun.1.txt
31843540	/home/kei/class_hybrid_a10/chains/repaired_unified_highH0_narrow_rerun.1.txt
31843540	/home/kei/class_hybrid_a10/a10_repro_assets_collect/save_repaired_unified_highH0_narrow_rerun_20260425_081058/repaired_unified_highH0_narrow_rerun.1.txt
31675492	/home/kei/class_hybrid_a10/save_repaired_unified_highH0_narrow_rerun_20260425_081058.tar/save_repaired_unified_highH0_narrow_rerun_20260425_081058/repaired_unified_highH0_narrow_rerun.2.txt
31675492	/home/kei/class_hybrid_a10/chains/repaired_unified_highH0_narrow_rerun.2.txt
31675492	/home/kei/class_hybrid_a10/a10_repro_assets_collect/save_repaired_unified_highH0_narrow_rerun_20260425_081058/repaired_unified_highH0_narrow_rerun.2.txt
31587578	/home/kei/class_hybrid_a10/save_repaired_unified_highH0_narrow_rerun_20260425_081058.tar/save_repaired_unified_highH0_narrow_rerun_20260425_081058/repaired_unified_highH0_narrow_rerun.3.txt
31587578	/home/kei/class_hybrid_a10/chains/repaired_unified_highH0_narrow_rerun.3.txt
31587578	/home/kei/class_hybrid_a10/a10_repro_assets_collect/save_repaired_unified_highH0_narrow_rerun_20260425_081058/repaired_unified_highH0_narrow_rerun.3.txt
29898042	/home/kei/class_hybrid_a10/.git/objects/d6/901a57a63296dd79cf217212044b1b79b5c256
29544760	/home/kei/class_hybrid_a10/.git/objects/bd/35aa056a83f64ac6992969e1c210e1e6badaaf
24080804	/home/kei/class_hybrid_a10/output/a10_test_18_background.dat
24080804	/home/kei/class_hybrid_a10/output/a10_test_17_background.dat
24080804	/home/kei/class_hybrid_a10/output/a10_test_16_background.dat
24080804	/home/kei/class_hybrid_a10/output/a10_test_15_background.dat
24080804	/home/kei/class_hybrid_a10/output/a10_test_14_background.dat
24080804	/home/kei/class_hybrid_a10/output/a10_test_13_background.dat
24080804	/home/kei/class_hybrid_a10/output/a10_test_12_background.dat
24080804	/home/kei/class_hybrid_a10/output/a10_test_11_background.dat
24080804	/home/kei/class_hybrid_a10/output/a10_test_10_background.dat
24080804	/home/kei/class_hybrid_a10/output/a10_test_09_background.dat
24080804	/home/kei/class_hybrid_a10/output/a10_test_08_background.dat
24080804	/home/kei/class_hybrid_a10/output/a10_test_07_background.dat
24080804	/home/kei/class_hybrid_a10/output/a10_test_06_background.dat
24080804	/home/kei/class_hybrid_a10/output/a10_test_05_background.dat
24080804	/home/kei/class_hybrid_a10/output/a10_test_04_background.dat
24080804	/home/kei/class_hybrid_a10/output/a10_test_03_background.dat
24080804	/home/kei/class_hybrid_a10/output/a10_test_02_background.dat
21234306	/home/kei/class_hybrid_a10/libclass.a
21172594	/home/kei/class_hybrid_a10/packages/code/classy_old/libclass.a
21080729	/home/kei/class_hybrid_a10/a10_test_00_background.dat
20643384	/home/kei/class_hybrid_a10/.git/objects/9d/fdc2b253be499e75f366356084391cd0210db4
20581205	/home/kei/class_hybrid_a10/.git/objects/95/f2a5f6ffab7b1fa5ec0a5099f3bceb55af5b98
19845502	/home/kei/class_hybrid_a10/.git/objects/4c/034518a8c05c999c0ff5907a258e23d3ffe58f
17556982	/home/kei/class_hybrid_a10/.git/objects/56/0a3972f196d462350c33da94a353a3b8012126
17522663	/home/kei/class_hybrid_a10/.git/objects/25/193f24d346b4e49a1d0bde0385cb0c3dfe927d
17502170	/home/kei/class_hybrid_a10/.git/objects/7c/ea0d0e2c70aac34f6e2a1bd26ee878b716b1a8
17474070	/home/kei/class_hybrid_a10/.git/objects/d9/2da7d4f3770855a7da6dd2c9b6233fb0e96538
17315245	/home/kei/class_hybrid_a10/.git/objects/9c/d84694894193fb68ef8c3e14cdc7cb36b74318
17284188	/home/kei/class_hybrid_a10/.git/objects/5d/a47c34a70fde6d6620072cbf00d32807fd0a68
16032814	/home/kei/class_hybrid_a10/.git/objects/75/2cf2366a9b7a94efb35909fb3ed0bd9a7a8a87
15466592	/home/kei/class_hybrid_a10/build/lib.linux-x86_64-cpython-312/classy/_classy.cpython-312-x86_64-linux-gnu.so
15452688	/home/kei/class_hybrid_a10/a10_env/lib/python3.12/site-packages/classy/_classy.cpython-312-x86_64-linux-gnu.so
15452360	/home/kei/class_hybrid_a10/_classy.cpython-312-x86_64-linux-gnu.so
15435416	/home/kei/class_hybrid_a10/packages/code/classy_old/build/lib.linux-x86_64-cpython-312/classy/_classy.cpython-312-x86_64-linux-gnu.so
12556168	/home/kei/class_hybrid_a10/.git/objects/8f/97c529328ce0b74d599207f1ca84de8740b45d
12465273	/home/kei/class_hybrid_a10/.git/objects/54/8c31195fd1e86d430d500987618507ef0362e6
12398458	/home/kei/class_hybrid_a10/.git/objects/e9/4f6424ab059baec031fc3626b1426cb61ee401
12398141	/home/kei/class_hybrid_a10/.git/objects/a9/23047591a9fb2672e485ffaddd4cb9f4c1da3b
12087118	/home/kei/class_hybrid_a10/packages/data/sn_data/Pantheon/sys_full_long.txt
12021591	/home/kei/class_hybrid_a10/.git/objects/d1/a1498154e7ba826df14bdbef35ebcb7f5efba1
11689930	/home/kei/class_hybrid_a10/packages/code/classy_old/external/distortions/Greens_data.dat
11689930	/home/kei/class_hybrid_a10/packages/code/classy_old/build/lib.linux-x86_64-cpython-312/classy/external/distortions/Greens_data.dat
11689930	/home/kei/class_hybrid_a10/external/distortions/Greens_data.dat
11689930	/home/kei/class_hybrid_a10/build/lib.linux-x86_64-cpython-312/classy/external/distortions/Greens_data.dat
11689930	/home/kei/class_hybrid_a10/a10_env/lib/python3.12/site-packages/classy/external/distortions/Greens_data.dat
11637344	/home/kei/class_hybrid_a10/.git/objects/c5/dd7ead5ad9922c088cc1c991aa7b108a20f0d1
11298487	/home/kei/class_hybrid_a10/.git/objects/80/3104a4020b1e4a0160d6e30e1e88d831173b51
11217139	/home/kei/class_hybrid_a10/.git/objects/ea/c89fe152a4902a63fb302e928072d062c41021
11162119	/home/kei/class_hybrid_a10/.git/objects/9a/69b09a02d7e32935ef17581f4cc52685294697
10866008	/home/kei/class_hybrid_a10/build/temp.linux-x86_64-cpython-312/python/classy.o
10865048	/home/kei/class_hybrid_a10/packages/code/classy_old/build/temp.linux-x86_64-cpython-312/python/classy.o
10088988	/home/kei/class_hybrid_a10/packages/data/sn_data/JLA/jla_vab_covmatrix.dat
10031226	/home/kei/class_hybrid_a10/packages/data/sn_data/JLA/jla_v0a_covmatrix.dat
9980965	/home/kei/class_hybrid_a10/packages/data/sn_data/JLA/jla_va_covmatrix.dat
9941112	/home/kei/class_hybrid_a10/class
9858802	/home/kei/class_hybrid_a10/packages/data/sn_data/JLA/jla_vb_covmatrix.dat
9799920	/home/kei/class_hybrid_a10/packages/data/sn_data/JLA/jla_v0b_covmatrix.dat
9549877	/home/kei/class_hybrid_a10/packages/data/sn_data/JLA/jla_v0_covmatrix.dat
8021253	/home/kei/class_hybrid_a10/.git/objects/62/8ea1fd0cbf94399ce18429e02a191bbe6b96b1
7983915	/home/kei/class_hybrid_a10/.git/objects/72/5655c7278921864cd07801214ec50b3ccaecb7
7962294	/home/kei/class_hybrid_a10/.git/objects/1a/38c6b418e1a66b210cffcd2e43e77324c659f9
7463681	/home/kei/class_hybrid_a10/.venv_a10build/lib/python3.12/site-packages/numpy/core/_multiarray_umath.cpython-312-x86_64-linux-gnu.so
7073120	/home/kei/class_hybrid_a10/.git/objects/7e/08ae11483f5805aab25cfa6bd3f11b63085944
6491520	/home/kei/class_hybrid_a10/packages/data/planck_2018/baseline/plc_3.0/low_l/commander/commander_dx12_v3_2_29.clik/clik/lkl_0/_external/sigma.fits
6491520	/home/kei/class_hybrid_a10/a10_repro_assets_collect/planck_2018_likelihood_data_minimal.tar/planck_2018_likelihood_data_minimal/packages/data/planck_2018/baseline/plc_3.0/low_l/commander/commander_dx12_v3_2_29.clik/clik/lkl_0/_external/sigma.fits
6341136	/home/kei/class_hybrid_a10/packages/data/planck_2018_lowT_native/cl2x_2.txt
6246818	/home/kei/class_hybrid_a10/.git/objects/42/89666487f427782ec81c327ae7f7741f0f5fe5
6244951	/home/kei/class_hybrid_a10/packages/data/sn_data/DES-Dovekie/covtot_inv_000.npz
6225000	/home/kei/class_hybrid_a10/packages/data/planck_2018_lowT_native/cl2x_1.txt
6168770	/home/kei/class_hybrid_a10/.git/objects/8c/ed36eb03ce9ce99ec306a4d2ac8831d8fe1db8
6168285	/home/kei/class_hybrid_a10/.git/objects/23/8545ea3bb6ba00b1107ca17abf8b803f0fdce0
6127030	/home/kei/class_hybrid_a10/.git/objects/06/42dc298ef2407dd11285ced8315b6d31bd6d21
5197024	/home/kei/class_hybrid_a10/packages/code/classy_old/build/lensing.opp
5196976	/home/kei/class_hybrid_a10/build/lensing.opp
5128176	/home/kei/class_hybrid_a10/a10_env/lib/python3.12/site-packages/astropy_iers_data/data/eopc04.1962-now
4685760	/home/kei/class_hybrid_a10/packages/data/planck_2018/baseline/plc_3.0/hi_l/plik/plik_rd12_HM_v22_TT.clik/clik/lkl_0/criterion_gauss_mat
4537195	/home/kei/class_hybrid_a10/.git/objects/17/eb3dea2766f25aa900e9bc4c23debd5f6756b3
4516745	/home/kei/class_hybrid_a10/.git/objects/f2/d956a12493dc147a337e8be1afa467a1945685
4498416	/home/kei/class_hybrid_a10/a10_bao_run.1.txt
4495416	/home/kei/class_hybrid_a10/.git/objects/4a/89abee896496517b7db001f87a4fb02e7d418e
4453594	/home/kei/class_hybrid_a10/.git/objects/f6/f33f4b7f1d0adf8f5149634b41987e6bef8611
4441704	/home/kei/class_hybrid_a10/a10_env/lib/python3.12/site-packages/astropy/wcs/_wcs.abi3.so
4338279	/home/kei/class_hybrid_a10/.git/objects/f2/c7a5ed6e83542cf28f31a092ade9e0e40a517b
4310219	/home/kei/class_hybrid_a10/.git/objects/c0/d30abd15f9fcaf26b6464f6da941ff0cf09736
4146946	/home/kei/class_hybrid_a10/.git/objects/40/4638372f115ed5bd515c892a2d569422ea3946
4112167	/home/kei/class_hybrid_a10/.git/objects/94/c6b1a3fdcdc11b1880ff54e8052fbaad6bbf08
3991276	/home/kei/class_hybrid_a10/build/lib.linux-x86_64-cpython-312/classy/python/classy.cpp
3990370	/home/kei/class_hybrid_a10/a10_env/lib/python3.12/site-packages/classy/python/classy.cpp
3964091	/home/kei/class_hybrid_a10/packages/code/classy_old/python/classy.cpp
3963795	/home/kei/class_hybrid_a10/python/classy.cpp
3730672	/home/kei/class_hybrid_a10/a10_env/lib/python3.12/site-packages/astropy_iers_data/data/finals2000A.all
3535232	/home/kei/class_hybrid_a10/.venv_a10build/lib/python3.12/site-packages/numpy/core/_simd.cpython-312-x86_64-linux-gnu.so
3461760	/home/kei/class_hybrid_a10/packages/data/planck_2018/baseline/plc_3.0/hi_l/plik/plik_rd12_HM_v22b_TTTEEE.clik/clik/lkl_0/component_9/template
3461760	/home/kei/class_hybrid_a10/packages/data/planck_2018/baseline/plc_3.0/hi_l/plik/plik_rd12_HM_v22b_TTTEEE.clik/clik/lkl_0/component_6/template
3461760	/home/kei/class_hybrid_a10/packages/data/planck_2018/baseline/plc_3.0/hi_l/plik/plik_rd12_HM_v22b_TTTEEE.clik/clik/lkl_0/component_11/template
3461760	/home/kei/class_hybrid_a10/packages/data/planck_2018/baseline/plc_3.0/hi_l/plik/plik_rd12_HM_v22b_TTTEEE.clik/clik/lkl_0/component_10/template
3461760	/home/kei/class_hybrid_a10/packages/data/planck_2018/baseline/plc_3.0/hi_l/plik/plik_rd12_HM_v22_TT.clik/clik/lkl_0/component_8/template
3461760	/home/kei/class_hybrid_a10/packages/data/planck_2018/baseline/plc_3.0/hi_l/plik/plik_rd12_HM_v22_TT.clik/clik/lkl_0/component_7/template
3461760	/home/kei/class_hybrid_a10/packages/data/planck_2018/baseline/plc_3.0/hi_l/plik/plik_rd12_HM_v22_TT.clik/clik/lkl_0/component_6/template
3461760	/home/kei/class_hybrid_a10/a10_repro_assets_collect/planck_2018_likelihood_data_minimal.tar/planck_2018_likelihood_data_minimal/packages/data/planck_2018/baseline/plc_3.0/hi_l/plik/plik_rd12_HM_v22b_TTTEEE.clik/clik/lkl_0/component_9/template
3461760	/home/kei/class_hybrid_a10/a10_repro_assets_collect/planck_2018_likelihood_data_minimal.tar/planck_2018_likelihood_data_minimal/packages/data/planck_2018/baseline/plc_3.0/hi_l/plik/plik_rd12_HM_v22b_TTTEEE.clik/clik/lkl_0/component_6/template
3461760	/home/kei/class_hybrid_a10/a10_repro_assets_collect/planck_2018_likelihood_data_minimal.tar/planck_2018_likelihood_data_minimal/packages/data/planck_2018/baseline/plc_3.0/hi_l/plik/plik_rd12_HM_v22b_TTTEEE.clik/clik/lkl_0/component_11/template
3461760	/home/kei/class_hybrid_a10/a10_repro_assets_collect/planck_2018_likelihood_data_minimal.tar/planck_2018_likelihood_data_minimal/packages/data/planck_2018/baseline/plc_3.0/hi_l/plik/plik_rd12_HM_v22b_TTTEEE.clik/clik/lkl_0/component_10/template
3006160	/home/kei/class_hybrid_a10/packages/data/planck_2018/baseline/plc_3.0/hi_l/plik_lite/plik_lite_v22_TTTEEE.clik/clik/lkl_0/_external/c_matrix_plik_v22.dat
3006160	/home/kei/class_hybrid_a10/packages/data/planck_2018/baseline/plc_3.0/hi_l/plik_lite/plik_lite_v22_TT.clik/clik/lkl_0/_external/c_matrix_plik_v22.dat
2847256	/home/kei/class_hybrid_a10/.git/objects/38/e7b485a3097ef4215c8e5ccd4e79ad30246530
2726766	/home/kei/class_hybrid_a10/.git/objects/ab/6cdd34e95f04cedfa60b2ff08105b646400663
2686065	/home/kei/class_hybrid_a10/.venv_a10build/lib/python3.12/site-packages/numpy.libs/libgfortran-040039e1.so.5.0.0
2565256	/home/kei/class_hybrid_a10/a10_env/lib/python3.12/site-packages/astropy/io/ascii/cparser.abi3.so
2527624	/home/kei/class_hybrid_a10/.git/objects/96/fceb4f47336c6ac3b292b9f6fb58b07a66600e
2403528	/home/kei/class_hybrid_a10/build/perturbations.opp
2402120	/home/kei/class_hybrid_a10/packages/code/classy_old/build/perturbations.opp
2374344	/home/kei/class_hybrid_a10/.venv_a10build/lib/python3.12/site-packages/pandas/_libs/hashtable.cpython-312-x86_64-linux-gnu.so
2237744	/home/kei/class_hybrid_a10/.venv_a10build/lib/python3.12/site-packages/pandas/_libs/groupby.cpython-312-x86_64-linux-gnu.so
2195808	/home/kei/class_hybrid_a10/a10_env/lib/python3.12/site-packages/mpi4py/MPI.openmpi.cpython-312-x86_64-linux-gnu.so
2187000	/home/kei/class_hybrid_a10/packages/data/planck_2018_lowE_native/prob_table.txt
2183648	/home/kei/class_hybrid_a10/a10_env/lib/python3.12/site-packages/mpi4py/MPI.mpich.cpython-312-x86_64-linux-gnu.so
2148896	/home/kei/class_hybrid_a10/a10_env/lib/python3.12/site-packages/erfa/ufunc.abi3.so
1955400	/home/kei/class_hybrid_a10/.venv_a10build/lib/python3.12/site-packages/pandas/_libs/algos.cpython-312-x86_64-linux-gnu.so
1848960	/home/kei/class_hybrid_a10/packages/code/classy_old/build/hyperspherical.opp
1848920	/home/kei/class_hybrid_a10/build/hyperspherical.opp
1751528	/home/kei/class_hybrid_a10/a10_env/lib/python3.12/site-packages/astropy/stats/_stats.abi3.so
1663056	/home/kei/class_hybrid_a10/build/transfer.opp
1662176	/home/kei/class_hybrid_a10/packages/code/classy_old/build/transfer.opp
1649459	/home/kei/class_hybrid_a10/.git/objects/a9/2f62008ec50dc359b5ff3a7fbe1c1f75c1b460
1582091	/home/kei/class_hybrid_a10/packages/data/planck_2018_lowT_native/cov.txt
1568184	/home/kei/class_hybrid_a10/build/hmcode.opp
1567616	/home/kei/class_hybrid_a10/packages/code/classy_old/build/arrays.opp
1567568	/home/kei/class_hybrid_a10/build/arrays.opp
1567304	/home/kei/class_hybrid_a10/packages/code/classy_old/build/hmcode.opp
1492816	/home/kei/class_hybrid_a10/packages/code/classy_old/build/primordial.opp
1492776	/home/kei/class_hybrid_a10/build/primordial.opp
1470640	/home/kei/class_hybrid_a10/a10_env/lib/python3.12/site-packages/astropy/timeseries/periodograms/lombscargle/implementations/cython_impl.abi3.so
1469815	/home/kei/class_hybrid_a10/.git/objects/d7/1b2b4cd1db56dd69ac802963e0973f8c8b56ae
1432417	/home/kei/class_hybrid_a10/chains/a10_run1.1.txt
1403323	/home/kei/class_hybrid_a10/.git/index
1387480	/home/kei/class_hybrid_a10/build/harmonic.opp
1386600	/home/kei/class_hybrid_a10/packages/code/classy_old/build/harmonic.opp
1368216	/home/kei/class_hybrid_a10/build/input.o
1323816	/home/kei/class_hybrid_a10/packages/code/classy_old/build/input.o
1313936	/home/kei/class_hybrid_a10/.venv_a10build/lib/python3.12/site-packages/Cython/Compiler/Code.cpython-312-x86_64-linux-gnu.so
1312574	/home/kei/class_hybrid_a10/.git/objects/f7/5d0d8c8b090cda2aff6340bfdf3889a26364aa
1305622	/home/kei/class_hybrid_a10/.git/objects/48/01c4300739c7318c7c08b2ee82550b7e4ebaed
1284480	/home/kei/class_hybrid_a10/packages/data/planck_2018/baseline/plc_3.0/hi_l/plik/plik_rd12_HM_v22b_TTTEEE.clik/clik/lkl_0/component_1/template
1284480	/home/kei/class_hybrid_a10/packages/data/planck_2018/baseline/plc_3.0/hi_l/plik/plik_rd12_HM_v22_TT.clik/clik/lkl_0/component_1/template
1284480	/home/kei/class_hybrid_a10/a10_repro_assets_collect/planck_2018_likelihood_data_minimal.tar/planck_2018_likelihood_data_minimal/packages/data/planck_2018/baseline/plc_3.0/hi_l/plik/plik_rd12_HM_v22b_TTTEEE.clik/clik/lkl_0/component_1/template
1211192	/home/kei/class_hybrid_a10/a10_env/lib/python3.12/site-packages/astropy/cosmology/_src/flrw/scalar_inv_efuncs.abi3.so
1205618	/home/kei/class_hybrid_a10/.git/objects/a3/3c62de180cc92b927ad9563dc080f95b089bee
1097768	/home/kei/class_hybrid_a10/.venv_a10build/lib/python3.12/site-packages/pandas/_libs/join.cpython-312-x86_64-linux-gnu.so
1069275	/home/kei/class_hybrid_a10/packages/code/classy_old/doc/manual/CLASS_MANUAL.pdf
1069275	/home/kei/class_hybrid_a10/doc/manual/CLASS_MANUAL.pdf
1023048	/home/kei/class_hybrid_a10/.venv_a10build/lib/python3.12/site-packages/pandas/_libs/tslibs/offsets.cpython-312-x86_64-linux-gnu.so
1017128	/home/kei/class_hybrid_a10/.venv_a10build/lib/python3.12/site-packages/pandas/_libs/interval.cpython-312-x86_64-linux-gnu.so
975507	/home/kei/class_hybrid_a10/.git/objects/72/d8dc45a94e93ec69237f69f1933f42a5bbffae
954240	/home/kei/class_hybrid_a10/a10_env/lib/python3.12/site-packages/astropy/utils/xml/_iterparser.abi3.so
946872	/home/kei/class_hybrid_a10/.venv_a10build/lib/python3.12/site-packages/numpy/random/_generator.cpython-312-x86_64-linux-gnu.so
930236	/home/kei/class_hybrid_a10/.git/objects/43/0b83456f17f10ee1c9b415718c8460f2c497db
926598	/home/kei/class_hybrid_a10/a10_prod_run.2.txt.bak
918759	/home/kei/class_hybrid_a10/a10_final_run.log
911816	/home/kei/class_hybrid_a10/chains/a10_prod_run.5.txt
878508	/home/kei/class_hybrid_a10/.git/objects/pack/pack-5e49e2e09b8ef64a0e788582c6a0cf52cd9aaa32.idx
867470	/home/kei/class_hybrid_a10/chains/a10_prod_run.4.txt
831682	/home/kei/class_hybrid_a10/chains/a10_prod_run.3.txt
824368	/home/kei/class_hybrid_a10/.venv_a10build/lib/python3.12/site-packages/Cython/Compiler/Parsing.cpython-312-x86_64-linux-gnu.so
822346	/home/kei/class_hybrid_a10/chains/a10_prod_run.1.txt
808994	/home/kei/class_hybrid_a10/.git/objects/33/34962d7671d8206031a05666e64903c88da486
769875	/home/kei/class_hybrid_a10/.venv_a10build/lib/python3.12/site-packages/Cython/Compiler/__pycache__/ExprNodes.cpython-312.pyc
767355	/home/kei/class_hybrid_a10/.git/objects/43/26320187ae4e0eb3413df0269aac528982c732
765005	/home/kei/class_hybrid_a10/.git/objects/49/e290c5f393ac8f0cd68a74a76684ece19398fa
763701	/home/kei/class_hybrid_a10/a10_env/lib/python3.12/site-packages/erfa/__pycache__/core.cpython-312.pyc
754472	/home/kei/class_hybrid_a10/.venv_a10build/lib/python3.12/site-packages/pandas/_libs/sparse.cpython-312-x86_64-linux-gnu.so
751598	/home/kei/class_hybrid_a10/.git/objects/ca/44c7888b685de00ee2457c52fbf8fffc369a2d
751334	/home/kei/class_hybrid_a10/.git/objects/d6/39493f3a42efaa7e510d5c1ab5cf8f2a62aa5a
749040	/home/kei/class_hybrid_a10/.venv_a10build/lib/python3.12/site-packages/numpy/random/mtrand.cpython-312-x86_64-linux-gnu.so
738450	/home/kei/class_hybrid_a10/a10_env/lib/python3.12/site-packages/erfa/core.py
725760	/home/kei/class_hybrid_a10/packages/data/planck_2018/baseline/plc_3.0/lensing/smicadx12_Dec5_ftl_mv2_ndclpp_p_teb_consext8.clik_lensing/clik_lensing/cors
702128	/home/kei/class_hybrid_a10/.git/objects/6b/630579bdd3fdcab3b5f9a7ab01016e7181ada4
700200	/home/kei/class_hybrid_a10/.venv_a10build/lib/python3.12/site-packages/pandas/_libs/index.cpython-312-x86_64-linux-gnu.so
689003	/home/kei/class_hybrid_a10/packages/code/classy_old/external/bbn/sBBN_2025.dat
689003	/home/kei/class_hybrid_a10/packages/code/classy_old/build/lib.linux-x86_64-cpython-312/classy/external/bbn/sBBN_2025.dat
689003	/home/kei/class_hybrid_a10/external/bbn/sBBN_2025.dat
689003	/home/kei/class_hybrid_a10/build/lib.linux-x86_64-cpython-312/classy/external/bbn/sBBN_2025.dat
689003	/home/kei/class_hybrid_a10/a10_env/lib/python3.12/site-packages/classy/external/bbn/sBBN_2025.dat
676800	/home/kei/class_hybrid_a10/packages/data/planck_2018/baseline/plc_3.0/low_l/simall/simall_100x143_offlike5_EE_Aplanck_B.clik/clik/lkl_0/probEE
676800	/home/kei/class_hybrid_a10/packages/data/planck_2018/baseline/plc_3.0/low_l/simall/simall_100x143_offlike5_EEBB_Aplanck_B.clik/clik/lkl_0/probEE
676800	/home/kei/class_hybrid_a10/a10_repro_assets_collect/planck_2018_likelihood_data_minimal.tar/planck_2018_likelihood_data_minimal/packages/data/planck_2018/baseline/plc_3.0/low_l/simall/simall_100x143_offlike5_EE_Aplanck_B.clik/clik/lkl_0/probEE
676800	/home/kei/class_hybrid_a10/a10_repro_assets_collect/planck_2018_likelihood_data_minimal.tar/planck_2018_likelihood_data_minimal/packages/data/planck_2018/baseline/plc_3.0/low_l/simall/simall_100x143_offlike5_EEBB_Aplanck_B.clik/clik/lkl_0/probEE
669005	/home/kei/class_hybrid_a10/.git/objects/5e/575dc8e5a7ff810116ed0aaf99dec983c62beb
653734	/home/kei/class_hybrid_a10/.git/objects/27/b337a425782d2f79f30b714753dddcba4b0d6d
647381	/home/kei/class_hybrid_a10/.git/objects/21/65a4069c0e807458419471eabad66359f68c13
643249	/home/kei/class_hybrid_a10/.venv_a10build/lib/python3.12/site-packages/numpy/core/tests/__pycache__/test_multiarray.cpython-312.pyc
635422	/home/kei/class_hybrid_a10/.venv_a10build/lib/python3.12/site-packages/Cython/Compiler/ExprNodes.py
611848	/home/kei/class_hybrid_a10/.venv_a10build/lib/python3.12/site-packages/pandas/_libs/lib.cpython-312-x86_64-linux-gnu.so
602451	/home/kei/class_hybrid_a10/.git/objects/f8/9b28049c369aaab1649eec9a8f1a92c3e5b459
593232	/home/kei/class_hybrid_a10/.git/objects/a6/4ec27e30d4f5169f4ea5ea5b85b1a323742cc4
584694	/home/kei/class_hybrid_a10/.venv_a10build/lib/python3.12/site-packages/pandas/core/__pycache__/frame.cpython-312.pyc
583421	/home/kei/class_hybrid_a10/.git/objects/b2/ed044aa6bfb1079881d5c8261f512bc010c188
579283	/home/kei/class_hybrid_a10/packages/data/sn_data/PantheonPlus/Pantheon+SH0ES.dat
574119	/home/kei/class_hybrid_a10/.venv_a10build/lib/python3.12/site-packages/pandas/core/frame.py
572712	/home/kei/class_hybrid_a10/.git/objects/c0/8b52be5258e4c1d3053c354fcb8d7a305b02db
562128	/home/kei/class_hybrid_a10/.venv_a10build/lib/python3.12/site-packages/Cython/Compiler/FlowControl.cpython-312-x86_64-linux-gnu.so
559497	/home/kei/class_hybrid_a10/a10_env/lib/python3.12/site-packages/getdist/gui/images/GetDistGUI.icns
556485	/home/kei/class_hybrid_a10/.git/objects/a4/605fb5f73f9c031baf5955a6cd94f1ecea41ad
556472	/home/kei/class_hybrid_a10/a10_env/lib/python3.12/site-packages/astropy/io/fits/hdu/compressed/_compression.abi3.so
554865	/home/kei/class_hybrid_a10/.git/objects/88/3d947848897ef858d1686e43f789a25be22b43
546507	/home/kei/class_hybrid_a10/packages/code/classy_old/output/explanatory00_cl.dat
527147	/home/kei/class_hybrid_a10/.venv_a10build/lib/python3.12/site-packages/Cython/Compiler/__pycache__/Nodes.cpython-312.pyc
507346	/home/kei/class_hybrid_a10/a10_env/lib/python3.12/site-packages/astropy/wcs/src/docstrings.c
485246	/home/kei/class_hybrid_a10/.git/objects/e9/e0662ff4dfd7a05e4376882be65ba8ff909110
480609	/home/kei/class_hybrid_a10/.git/objects/8e/186fa11082b3539817b389a32e63bc2c66e6dc
476464	/home/kei/class_hybrid_a10/a10_env/lib/python3.12/site-packages/astropy/table/_column_mixins.abi3.so
473624	/home/kei/class_hybrid_a10/a10_env/lib/python3.12/site-packages/astropy/timeseries/periodograms/bls/_impl.abi3.so
473064	/home/kei/class_hybrid_a10/.venv_a10build/lib/python3.12/site-packages/pandas/_libs/tslibs/timestamps.cpython-312-x86_64-linux-gnu.so
470852	/home/kei/class_hybrid_a10/.venv_a10build/lib/python3.12/site-packages/pandas/core/__pycache__/generic.cpython-312.pyc
467944	/home/kei/class_hybrid_a10/.venv_a10build/lib/python3.12/site-packages/pandas/_libs/tslibs/timedeltas.cpython-312-x86_64-linux-gnu.so
463165	/home/kei/class_hybrid_a10/.venv_a10build/lib/python3.12/site-packages/pandas/core/generic.py
455514	/home/kei/class_hybrid_a10/packages/code/classy_old/output/explanatory00_cl_lensed.dat
455507	/home/kei/class_hybrid_a10/a10_test_00_cl.dat
455112	/home/kei/class_hybrid_a10/.venv_a10build/lib/python3.12/site-packages/Cython/Compiler/Nodes.py
454000	/home/kei/class_hybrid_a10/.venv_a10build/lib/python3.12/site-packages/Cython/Tempita/_tempita.cpython-312-x86_64-linux-gnu.so
452160	/home/kei/class_hybrid_a10/packages/data/planck_2018/baseline/plc_3.0/low_l/simall/simall_100x143_offlike5_EEBB_Aplanck_B.clik/clik/lkl_0/probBB
452160	/home/kei/class_hybrid_a10/packages/data/planck_2018/baseline/plc_3.0/low_l/simall/simall_100x143_offlike5_BB_Aplanck_B.clik/clik/lkl_0/probBB
452160	/home/kei/class_hybrid_a10/a10_repro_assets_collect/planck_2018_likelihood_data_minimal.tar/planck_2018_likelihood_data_minimal/packages/data/planck_2018/baseline/plc_3.0/low_l/simall/simall_100x143_offlike5_EEBB_Aplanck_B.clik/clik/lkl_0/probBB
452160	/home/kei/class_hybrid_a10/a10_repro_assets_collect/planck_2018_likelihood_data_minimal.tar/planck_2018_likelihood_data_minimal/packages/data/planck_2018/baseline/plc_3.0/low_l/simall/simall_100x143_offlike5_BB_Aplanck_B.clik/clik/lkl_0/probBB
443832	/home/kei/class_hybrid_a10/a10_env/lib/python3.12/site-packages/astropy/table/_np_utils.abi3.so
442376	/home/kei/class_hybrid_a10/.git/objects/88/b4a9a16176a26b6b6f879fac8f557f79535539
434411	/home/kei/class_hybrid_a10/.git/objects/c1/75f3f162eec22c59c9c1a88792f85c9483cd8a
434070	/home/kei/class_hybrid_a10/chains/a10_scout_H0_72.1.txt
423280	/home/kei/class_hybrid_a10/source/perturbations.c
423280	/home/kei/class_hybrid_a10/save_repaired_unified_highH0_narrow_20260424_135602/perturbations.c
423280	/home/kei/class_hybrid_a10/build/lib.linux-x86_64-cpython-312/classy/source/perturbations.c
423280	/home/kei/class_hybrid_a10/a10_repro_assets_collect/a10_class_and_chains_minimal/source/perturbations.c
423212	/home/kei/class_hybrid_a10/patch_backup_zero_continuity_20260423_184427/perturbations.c.bak
423212	/home/kei/class_hybrid_a10/audit_20260423_181024/perturbations.c.full.txt
423159	/home/kei/class_hybrid_a10/a10_env/lib/python3.12/site-packages/classy/source/perturbations.c
422469	/home/kei/class_hybrid_a10/packages/code/classy_old/source/perturbations.c
422469	/home/kei/class_hybrid_a10/packages/code/classy_old/build/lib.linux-x86_64-cpython-312/classy/source/perturbations.c
422192	/home/kei/class_hybrid_a10/.venv_a10build/lib/python3.12/site-packages/Cython/Compiler/FusedNode.cpython-312-x86_64-linux-gnu.so
418184	/home/kei/class_hybrid_a10/.venv_a10build/lib/python3.12/site-packages/pandas/_libs/parsers.cpython-312-x86_64-linux-gnu.so
415232	/home/kei/class_hybrid_a10/.venv_a10build/lib/python3.12/site-packages/pandas/_libs/window/aggregations.cpython-312-x86_64-linux-gnu.so
405520	/home/kei/class_hybrid_a10/build/thermodynamics.o
404640	/home/kei/class_hybrid_a10/packages/code/classy_old/build/thermodynamics.o
403556	/home/kei/class_hybrid_a10/.git/objects/31/2d87151c84b830a5a2b58fd64243af3750d70f
400975	/home/kei/class_hybrid_a10/.git/objects/18/1f92b284540b79591a979203686eb0c6fd760d
398736	/home/kei/class_hybrid_a10/nohup_a10.out
393773	/home/kei/class_hybrid_a10/hybrid_spectra_comparison.png
390568	/home/kei/class_hybrid_a10/.git/objects/4c/9e3cf6cfae2c2a2d2a63a31687e24a588bee30
381507	/home/kei/class_hybrid_a10/.git/objects/b2/56a38e61b3f2edb87754e7d59ab7d8bdac99fd
380106	/home/kei/class_hybrid_a10/.venv_a10build/lib/python3.12/site-packages/numpy/core/tests/test_multiarray.py
378750	/home/kei/class_hybrid_a10/.git/objects/f8/b7415e94bad3ea90eb4f53f572bfcb936fba1b
366893	/home/kei/class_hybrid_a10/packages/code/classy_old/external/HyRec2020/output_xe.dat
366893	/home/kei/class_hybrid_a10/packages/code/classy_old/build/lib.linux-x86_64-cpython-312/classy/external/HyRec2020/output_xe.dat
366893	/home/kei/class_hybrid_a10/external/HyRec2020/output_xe.dat
366893	/home/kei/class_hybrid_a10/build/lib.linux-x86_64-cpython-312/classy/external/HyRec2020/output_xe.dat
366893	/home/kei/class_hybrid_a10/a10_env/lib/python3.12/site-packages/classy/external/HyRec2020/output_xe.dat
365819	/home/kei/class_hybrid_a10/.venv_a10build/lib/python3.12/site-packages/setuptools/config/_validate_pyproject/fastjsonschema_validations.py
348704	/home/kei/class_hybrid_a10/.venv_a10build/lib/python3.12/site-packages/numpy/random/_bounded_integers.cpython-312-x86_64-linux-gnu.so
348511	/home/kei/class_hybrid_a10/.git/objects/2b/c042f95f52cd673ce3722c9b2c9b5fcbbb6754
348072	/home/kei/class_hybrid_a10/.venv_a10build/lib/python3.12/site-packages/pandas/_libs/tslibs/period.cpython-312-x86_64-linux-gnu.so
342286	/home/kei/class_hybrid_a10/.venv_a10build/lib/python3.12/site-packages/numpy/ma/tests/__pycache__/test_core.cpython-312.pyc
334438	/home/kei/class_hybrid_a10/.git/objects/3c/719cae1d3c3c3dec1d7b116222e00803485f91
333585	/home/kei/class_hybrid_a10/.venv_a10build/lib/python3.12/site-packages/numpy/core/tests/__pycache__/test_umath.cpython-312.pyc
329605	/home/kei/class_hybrid_a10/.git/objects/b7/49c9dd7935d72842b0aac383aa9d9e0c6909b0
329152	/home/kei/class_hybrid_a10/a10_env/lib/python3.12/site-packages/astropy/convolution/_convolve.abi3.so
326792	/home/kei/class_hybrid_a10/.git/objects/23/8f43621171d3c8c956b597314d8d2aacaae278
325406	/home/kei/class_hybrid_a10/.git/objects/95/06d7472cd67f39427d60846b87fae1ac915afc
317611	/home/kei/class_hybrid_a10/.git/objects/8e/b2b492ae6b7d327c2b6402edcb78f4fed8c3b8
313352	/home/kei/class_hybrid_a10/.git/objects/24/33906a97b9d0ba01ab1d29cca4947b87f6110d
301600	/home/kei/class_hybrid_a10/.venv_a10build/lib/python3.12/site-packages/numpy/ma/__pycache__/core.cpython-312.pyc
301451	/home/kei/class_hybrid_a10/.git/objects/bd/7061d971035a4d058e63bc4821734d00574cb5
301408	/home/kei/class_hybrid_a10/build/distortions.o
300528	/home/kei/class_hybrid_a10/packages/code/classy_old/build/distortions.o
300365	/home/kei/class_hybrid_a10/.git/objects/ba/26004748a29815a7e4f2c1814f449e431c0da1
296858	/home/kei/class_hybrid_a10/.git/objects/63/dff3aa6ca15d6e8ec65a2730f80d42316f3f20
294156	/home/kei/class_hybrid_a10/.git/objects/ef/0c558f1b20110ec0c62734ea7f74d02e4ac77a
292771	/home/kei/class_hybrid_a10/.venv_a10build/lib/python3.12/site-packages/pandas/core/__pycache__/series.cpython-312.pyc
290192	/home/kei/class_hybrid_a10/.venv_a10build/lib/python3.12/site-packages/Cython/Compiler/Visitor.cpython-312-x86_64-linux-gnu.so
288848	/home/kei/class_hybrid_a10/build/fourier.o
287968	/home/kei/class_hybrid_a10/packages/code/classy_old/build/fourier.o
286746	/home/kei/class_hybrid_a10/.venv_a10build/lib/python3.12/site-packages/pandas/core/indexes/__pycache__/base.cpython-312.pyc
286536	/home/kei/class_hybrid_a10/build/background.o
282976	/home/kei/class_hybrid_a10/.venv_a10build/lib/python3.12/site-packages/numpy/lib/tests/__pycache__/test_function_base.cpython-312.pyc
281975	/home/kei/class_hybrid_a10/.git/objects/ca/258bbc84915af0c04da4dca166baa9ed36947f
281617	/home/kei/class_hybrid_a10/a10_env/lib/python3.12/site-packages/pip/_vendor/certifi/cacert.pem
280462	/home/kei/class_hybrid_a10/.venv_a10build/lib/python3.12/site-packages/pandas/core/series.py
279528	/home/kei/class_hybrid_a10/packages/code/classy_old/build/background.o
278213	/home/kei/class_hybrid_a10/.venv_a10build/lib/python3.12/site-packages/numpy/ma/core.py
278192	/home/kei/class_hybrid_a10/.venv_a10build/lib/python3.12/site-packages/Cython/Compiler/Scanning.cpython-312-x86_64-linux-gnu.so
277653	/home/kei/class_hybrid_a10/.venv_a10build/lib/python3.12/site-packages/pandas/core/indexes/base.py
276161	/home/kei/class_hybrid_a10/.git/objects/91/b5e194f049c70989d1223283794c8ca550cfa8
274770	/home/kei/class_hybrid_a10/scientific_analysis.png
272000	/home/kei/class_hybrid_a10/packages/code/classy_old/external/HyRec2020/Alpha_inf.dat
272000	/home/kei/class_hybrid_a10/packages/code/classy_old/build/lib.linux-x86_64-cpython-312/classy/external/HyRec2020/Alpha_inf.dat
272000	/home/kei/class_hybrid_a10/external/HyRec2020/Alpha_inf.dat
272000	/home/kei/class_hybrid_a10/build/lib.linux-x86_64-cpython-312/classy/external/HyRec2020/Alpha_inf.dat
272000	/home/kei/class_hybrid_a10/a10_env/lib/python3.12/site-packages/classy/external/HyRec2020/Alpha_inf.dat
271336	/home/kei/class_hybrid_a10/.venv_a10build/lib/python3.12/site-packages/pandas/_libs/internals.cpython-312-x86_64-linux-gnu.so
270954	/home/kei/class_hybrid_a10/.venv_a10build/lib/python3.12/site-packages/pip/_vendor/certifi/cacert.pem
268336	/home/kei/class_hybrid_a10/.venv_a10build/lib/python3.12/site-packages/Cython/Utils.cpython-312-x86_64-linux-gnu.so
267785	/home/kei/class_hybrid_a10/output/a10_test_18_cl.dat
267785	/home/kei/class_hybrid_a10/output/a10_test_17_cl.dat
267785	/home/kei/class_hybrid_a10/output/a10_test_16_cl.dat
267785	/home/kei/class_hybrid_a10/output/a10_test_15_cl.dat
267785	/home/kei/class_hybrid_a10/output/a10_test_14_cl.dat
267785	/home/kei/class_hybrid_a10/output/a10_test_13_cl.dat
267785	/home/kei/class_hybrid_a10/output/a10_test_12_cl.dat
267785	/home/kei/class_hybrid_a10/output/a10_test_11_cl.dat
267785	/home/kei/class_hybrid_a10/output/a10_test_10_cl.dat
267785	/home/kei/class_hybrid_a10/output/a10_test_09_cl.dat
267785	/home/kei/class_hybrid_a10/output/a10_test_08_cl.dat
267785	/home/kei/class_hybrid_a10/output/a10_test_07_cl.dat
267785	/home/kei/class_hybrid_a10/output/a10_test_06_cl.dat
267785	/home/kei/class_hybrid_a10/output/a10_test_05_cl.dat
267785	/home/kei/class_hybrid_a10/output/a10_test_04_cl.dat
267785	/home/kei/class_hybrid_a10/output/a10_test_03_cl.dat
267785	/home/kei/class_hybrid_a10/output/a10_test_02_cl.dat
267785	/home/kei/class_hybrid_a10/output/a10_test_01_cl.dat
267785	/home/kei/class_hybrid_a10/output/a10_test_00_cl.dat
267711	/home/kei/class_hybrid_a10/a10_env/lib/python3.12/site-packages/pip/_vendor/pyparsing/__pycache__/core.cpython-312.pyc
259656	/home/kei/class_hybrid_a10/a10_env/lib/python3.12/site-packages/astropy/io/fits/tests/__pycache__/test_table.cpython-312.pyc
258888	/home/kei/class_hybrid_a10/.venv_a10build/lib/python3.12/site-packages/numpy/random/_common.cpython-312-x86_64-linux-gnu.so
255527	/home/kei/class_hybrid_a10/.git/objects/cc/e857db0c15e9ce7a0e0ce77452b6ff62af969a
254384	/home/kei/class_hybrid_a10/a10_env/lib/python3.12/site-packages/astropy/io/fits/_utils.abi3.so
252405	/home/kei/class_hybrid_a10/.venv_a10build/lib/python3.12/site-packages/numpy/core/tests/__pycache__/test_numeric.cpython-312.pyc
251243	/home/kei/class_hybrid_a10/.venv_a10build/lib/python3.12/site-packages/Cython/Compiler/__pycache__/PyrexTypes.cpython-312.pyc
247756	/home/kei/class_hybrid_a10/.venv_a10build/lib/python3.12/site-packages/Cython/Compiler/__pycache__/Optimize.cpython-312.pyc
247609	/home/kei/class_hybrid_a10/.venv_a10build/lib/python3.12/site-packages/numpy.libs/libquadmath-96973f99.so.0.0.0
245046	/home/kei/class_hybrid_a10/.venv_a10build/lib/python3.12/site-packages/pandas-3.0.2.dist-info/RECORD
244395	/home/kei/class_hybrid_a10/.git/objects/b7/abd003863ac5e7c77af8b76635b5a62c949f51
243725	/home/kei/class_hybrid_a10/.venv_a10build/lib/python3.12/site-packages/pip/_vendor/idna/uts46data.py
243112	/home/kei/class_hybrid_a10/.venv_a10build/lib/python3.12/site-packages/pandas/_libs/tslibs/parsing.cpython-312-x86_64-linux-gnu.so
241613	/home/kei/class_hybrid_a10/.venv_a10build/lib/python3.12/site-packages/setuptools/config/_validate_pyproject/__pycache__/fastjsonschema_validations.cpython-312.pyc
241068	/home/kei/class_hybrid_a10/source/input.c
241068	/home/kei/class_hybrid_a10/save_repaired_unified_highH0_narrow_20260424_135602/input.c
241068	/home/kei/class_hybrid_a10/build/lib.linux-x86_64-cpython-312/classy/source/input.c
241068	/home/kei/class_hybrid_a10/a10_repro_assets_collect/a10_class_and_chains_minimal/source/input.c
241035	/home/kei/class_hybrid_a10/patch_backup_zero_continuity_20260423_184427/input.c.bak
241035	/home/kei/class_hybrid_a10/audit_20260423_181024/input.c.full.txt
240455	/home/kei/class_hybrid_a10/a10_env/lib/python3.12/site-packages/classy/source/input.c
238719	/home/kei/class_hybrid_a10/packages/code/classy_old/source/input.c
238719	/home/kei/class_hybrid_a10/packages/code/classy_old/build/lib.linux-x86_64-cpython-312/classy/source/input.c
236212	/home/kei/class_hybrid_a10/.git/objects/a5/a200d5c8621b0447505136ae37b4f80f0221a5
234016	/home/kei/class_hybrid_a10/.venv_a10build/lib/python3.12/site-packages/numpy/random/bit_generator.cpython-312-x86_64-linux-gnu.so
231152	/home/kei/class_hybrid_a10/a10_env/lib/python3.12/site-packages/erfa/tests/__pycache__/test_ufunc.cpython-312.pyc
228975	/home/kei/class_hybrid_a10/a10_env/lib/python3.12/site-packages/astropy/units/tests/__pycache__/test_quantity_non_ufuncs.cpython-312.pyc
228209	/home/kei/class_hybrid_a10/.venv_a10build/lib/python3.12/site-packages/Cython/Compiler/Optimize.py
225643	/home/kei/class_hybrid_a10/.venv_a10build/lib/python3.12/site-packages/Cython/Compiler/__pycache__/ModuleNode.cpython-312.pyc
224445	/home/kei/class_hybrid_a10/a10_env/lib/python3.12/site-packages/pip/_vendor/pyparsing/core.py
224240	/home/kei/class_hybrid_a10/.venv_a10build/lib/python3.12/site-packages/Cython/Compiler/__pycache__/ParseTreeTransforms.cpython-312.pyc
222972	/home/kei/class_hybrid_a10/.venv_a10build/lib/python3.12/site-packages/Cython/Compiler/PyrexTypes.py
222778	/home/kei/class_hybrid_a10/.git/objects/1a/9d6615ffa0aeec389c0fcb833f1ce5211a2f3a
219540	/home/kei/class_hybrid_a10/.git/objects/71/9e55104c9e93d9b21d7936f83aba8cc97ec6f4
219496	/home/kei/class_hybrid_a10/.git/objects/0b/f8721dd90d9cdf903f374831ce21889b38bfb1
216793	/home/kei/class_hybrid_a10/.venv_a10build/lib/python3.12/site-packages/numpy/linalg/_umath_linalg.cpython-312-x86_64-linux-gnu.so
215511	/home/kei/class_hybrid_a10/.venv_a10build/lib/python3.12/site-packages/pandas/tests/extension/__pycache__/test_arrow.cpython-312.pyc
215100	/home/kei/class_hybrid_a10/.venv_a10build/lib/python3.12/site-packages/numpy/ma/tests/test_core.py
212557	/home/kei/class_hybrid_a10/.venv_a10build/lib/python3.12/site-packages/pandas/io/__pycache__/pytables.cpython-312.pyc
212107	/home/kei/class_hybrid_a10/test_H0_72.69.png
211547	/home/kei/class_hybrid_a10/test_H0_73.26.png
210712	/home/kei/class_hybrid_a10/.venv_a10build/lib/python3.12/site-packages/pandas/core/groupby/__pycache__/groupby.cpython-312.pyc
210631	/home/kei/class_hybrid_a10/test_H0_73.83.png
209926	/home/kei/class_hybrid_a10/test_H0_75.94.png
209606	/home/kei/class_hybrid_a10/source/thermodynamics.c
209606	/home/kei/class_hybrid_a10/packages/code/classy_old/source/thermodynamics.c
209606	/home/kei/class_hybrid_a10/packages/code/classy_old/build/lib.linux-x86_64-cpython-312/classy/source/thermodynamics.c
209606	/home/kei/class_hybrid_a10/build/lib.linux-x86_64-cpython-312/classy/source/thermodynamics.c
209606	/home/kei/class_hybrid_a10/a10_env/lib/python3.12/site-packages/classy/source/thermodynamics.c
208972	/home/kei/class_hybrid_a10/.venv_a10build/lib/python3.12/site-packages/numpy/core/_add_newdocs.py
208839	/home/kei/class_hybrid_a10/test_H0_74.47.png
207277	/home/kei/class_hybrid_a10/test_H0_70.19.png
206539	/home/kei/class_hybrid_a10/a10_env/lib/python3.12/site-packages/pip/_vendor/idna/uts46data.py
206431	/home/kei/class_hybrid_a10/.venv_a10build/lib/python3.12/site-packages/pandas/tests/io/__pycache__/test_sql.cpython-312.pyc
205985	/home/kei/class_hybrid_a10/.venv_a10build/lib/python3.12/site-packages/pip/_vendor/rich/__pycache__/_emoji_codes.cpython-312.pyc
205979	/home/kei/class_hybrid_a10/a10_env/lib/python3.12/site-packages/pip/_vendor/rich/__pycache__/_emoji_codes.cpython-312.pyc
205827	/home/kei/class_hybrid_a10/.git/objects/a0/aaf056d681ca91f4f0f9cb97fdf87b40c9d49d
205574	/home/kei/class_hybrid_a10/packages/data/planck_2018/baseline/plc_3.0/hi_l/plik_lite/plik_lite_v22_TTTEEE.clik/clik/lkl_0/_external/bf_lite_plikTTTEEE_v22b_lowl_simall.minimum.theory_cl
205574	/home/kei/class_hybrid_a10/packages/data/planck_2018/baseline/plc_3.0/hi_l/plik_lite/plik_lite_v22_TT.clik/clik/lkl_0/_external/bf_lite_plikTTTEEE_v22b_lowl_simall.minimum.theory_cl
205033	/home/kei/class_hybrid_a10/source/transfer.c
205033	/home/kei/class_hybrid_a10/packages/code/classy_old/source/transfer.c
205033	/home/kei/class_hybrid_a10/packages/code/classy_old/build/lib.linux-x86_64-cpython-312/classy/source/transfer.c
205033	/home/kei/class_hybrid_a10/build/lib.linux-x86_64-cpython-312/classy/source/transfer.c
205033	/home/kei/class_hybrid_a10/a10_env/lib/python3.12/site-packages/classy/source/transfer.c
204607	/home/kei/class_hybrid_a10/a10_env/lib/python3.12/site-packages/astropy/table/tests/__pycache__/test_table.cpython-312.pyc
202999	/home/kei/class_hybrid_a10/.venv_a10build/lib/python3.12/site-packages/pandas/tests/frame/__pycache__/test_constructors.cpython-312.pyc
202248	/home/kei/class_hybrid_a10/.venv_a10build/lib/python3.12/site-packages/pandas/_libs/tslibs/strptime.cpython-312-x86_64-linux-gnu.so
202185	/home/kei/class_hybrid_a10/.venv_a10build/lib/python3.12/site-packages/pandas/core/groupby/groupby.py
201933	/home/kei/class_hybrid_a10/.venv_a10build/lib/python3.12/site-packages/numpy/lib/__pycache__/function_base.cpython-312.pyc
200714	/home/kei/class_hybrid_a10/.venv_a10build/lib/python3.12/site-packages/numpy/core/tests/__pycache__/test_ufunc.cpython-312.pyc
200558	/home/kei/class_hybrid_a10/.git/objects/c7/ec1c6bbc54b92f79171fa61e64cfc6398eb3f6
200199	/home/kei/class_hybrid_a10/.venv_a10build/lib/python3.12/site-packages/numpy/core/__pycache__/_add_newdocs.cpython-312.pyc
200159	/home/kei/class_hybrid_a10/.git/objects/0a/672a8e94d8756964ab7003e163abf1bc40af47
199982	/home/kei/class_hybrid_a10/a10_env/lib/python3.12/site-packages/getdist/__pycache__/plots.cpython-312.pyc
199852	/home/kei/class_hybrid_a10/.venv_a10build/lib/python3.12/site-packages/Cython/Compiler/__pycache__/Parsing.cpython-312.pyc
199734	/home/kei/class_hybrid_a10/a10_env/lib/python3.12/site-packages/astropy-7.2.0.dist-info/RECORD
199624	/home/kei/class_hybrid_a10/.venv_a10build/lib/python3.12/site-packages/pandas/_libs/window/indexers.cpython-312-x86_64-linux-gnu.so
197712	/home/kei/class_hybrid_a10/.venv_a10build/lib/python3.12/site-packages/pandas/tests/indexing/__pycache__/test_loc.cpython-312.pyc
196333	/home/kei/class_hybrid_a10/a10_main_rescue.log.BAK
196333	/home/kei/class_hybrid_a10/a10_main_rescue.log
195154	/home/kei/class_hybrid_a10/.venv_a10build/lib/python3.12/site-packages/Cython/Compiler/ModuleNode.py
194425	/home/kei/class_hybrid_a10/.git/objects/ea/e1333599e411e92601853ed673f1738c67ae0d
194272	/home/kei/class_hybrid_a10/cmb_comparison.png
191960	/home/kei/class_hybrid_a10/packages/code/classy_old/external/HyRec2020/readme.pdf
191960	/home/kei/class_hybrid_a10/packages/code/classy_old/build/lib.linux-x86_64-cpython-312/classy/external/HyRec2020/readme.pdf
191960	/home/kei/class_hybrid_a10/external/HyRec2020/readme.pdf
191960	/home/kei/class_hybrid_a10/build/lib.linux-x86_64-cpython-312/classy/external/HyRec2020/readme.pdf
191960	/home/kei/class_hybrid_a10/a10_env/lib/python3.12/site-packages/classy/external/HyRec2020/readme.pdf
191829	/home/kei/class_hybrid_a10/packages/code/classy_old/doc/input/latex/class.pdf
191829	/home/kei/class_hybrid_a10/doc/input/latex/class.pdf
190469	/home/kei/class_hybrid_a10/.git/objects/04/814149c8e37331f2916c0005952759656fd446
190224	/home/kei/class_hybrid_a10/.venv_a10build/lib/python3.12/site-packages/pandas/_libs/_cyutility.cpython-312-x86_64-linux-gnu.so
190127	/home/kei/class_hybrid_a10/.venv_a10build/lib/python3.12/site-packages/setuptools/_vendor/more_itertools/__pycache__/more.cpython-312.pyc
189864	/home/kei/class_hybrid_a10/.venv_a10build/lib/python3.12/site-packages/pandas/_libs/tslibs/fields.cpython-312-x86_64-linux-gnu.so
189269	/home/kei/class_hybrid_a10/a10_env/lib/python3.12/site-packages/astropy/modeling/__pycache__/core.cpython-312.pyc
189172	/home/kei/class_hybrid_a10/.venv_a10build/lib/python3.12/site-packages/numpy/lib/function_base.py
188653	/home/kei/class_hybrid_a10/.git/objects/18/89d269d2655192404eba0ffbbefef50d45fd66
188545	/home/kei/class_hybrid_a10/.git/objects/54/5e5906b26fb033612e1eef7f84e55c1649f484
187822	/home/kei/class_hybrid_a10/.git/objects/ca/bf3442eac08e5d4077f5540d4fa71a83c98bef
187568	/home/kei/class_hybrid_a10/packages/data/bao_data/sdss_DR16_LYxQSO_BAO_DMDHgrid.txt
187499	/home/kei/class_hybrid_a10/packages/data/bao_data/sdss_DR16_LYAUTO_BAO_DMDHgrid.txt
187359	/home/kei/class_hybrid_a10/the_ratio_test.png
186987	/home/kei/class_hybrid_a10/.git/objects/42/e273b72f2b2332aa95e63908cb549f54b29176
186877	/home/kei/class_hybrid_a10/.venv_a10build/lib/python3.12/site-packages/Cython/Compiler/ParseTreeTransforms.py
186779	/home/kei/class_hybrid_a10/run.log
186482	/home/kei/class_hybrid_a10/.venv_a10build/lib/python3.12/site-packages/numpy/core/tests/test_umath.py
186063	/home/kei/class_hybrid_a10/.git/objects/03/865371b3afded1d351cd8504c5e4154ab4b379
185925	/home/kei/class_hybrid_a10/packages/data/planck_2018/baseline/plc_3.0/hi_l/plik_lite/plik_lite_v22_TTTEEE.clik/clik/lkl_0/_external/bweight.dat
185925	/home/kei/class_hybrid_a10/packages/data/planck_2018/baseline/plc_3.0/hi_l/plik_lite/plik_lite_v22_TT.clik/clik/lkl_0/_external/bweight.dat
185672	/home/kei/class_hybrid_a10/.venv_a10build/lib/python3.12/site-packages/pandas/_libs/tslibs/tzconversion.cpython-312-x86_64-linux-gnu.so
185357	/home/kei/class_hybrid_a10/.venv_a10build/lib/python3.12/site-packages/pandas/io/pytables.py
184649	/home/kei/class_hybrid_a10/.git/objects/cc/6bd2524535aee3b0aa3201b20d425e883395b8
184320	/home/kei/class_hybrid_a10/packages/data/planck_2018/baseline/plc_3.0/lensing/smicadx12_Dec5_ftl_mv2_ndclpp_p_teb_consext8_CMBmarged.clik_lensing/clik_lensing/cors
184320	/home/kei/class_hybrid_a10/packages/data/planck_2018/baseline/plc_3.0/lensing/smicadx12_Dec5_ftl_mv2_ndclpp_p_teb_consext8_CMBmarged.clik_lensing/clik_lensing/bins
184320	/home/kei/class_hybrid_a10/packages/data/planck_2018/baseline/plc_3.0/lensing/smicadx12_Dec5_ftl_mv2_ndclpp_p_teb_consext8.clik_lensing/clik_lensing/bins
184320	/home/kei/class_hybrid_a10/a10_env/lib/python3.12/site-packages/astropy/io/fits/hdu/compressed/tests/data/m13.fits
183841	/home/kei/class_hybrid_a10/a10_env/lib/python3.12/site-packages/astropy/modeling/core.py
183720	/home/kei/class_hybrid_a10/.venv_a10build/lib/python3.12/site-packages/pandas/_libs/tslibs/nattype.cpython-312-x86_64-linux-gnu.so
183193	/home/kei/class_hybrid_a10/a10_env/lib/python3.12/site-packages/astropy/io/votable/__pycache__/tree.cpython-312.pyc
182784	/home/kei/class_hybrid_a10/.venv_a10build/lib/python3.12/site-packages/pip/_vendor/distlib/t64-arm.exe
181726	/home/kei/class_hybrid_a10/.venv_a10build/lib/python3.12/site-packages/pandas/io/formats/__pycache__/style.cpython-312.pyc
178984	/home/kei/class_hybrid_a10/a10_env/lib/python3.12/site-packages/astropy/io/fits/tests/__pycache__/test_header.cpython-312.pyc
178560	/home/kei/class_hybrid_a10/a10_env/lib/python3.12/site-packages/astropy/io/fits/hdu/compressed/tests/data/m13_plio.fits
178248	/home/kei/class_hybrid_a10/.venv_a10build/lib/python3.12/site-packages/pandas/_libs/missing.cpython-312-x86_64-linux-gnu.so
177874	/home/kei/class_hybrid_a10/.venv_a10build/lib/python3.12/site-packages/Cython/Compiler/__pycache__/Code.cpython-312.pyc
177853	/home/kei/class_hybrid_a10/.venv_a10build/lib/python3.12/site-packages/numpy/core/tests/__pycache__/test_nditer.cpython-312.pyc
177431	/home/kei/class_hybrid_a10/.venv_a10build/lib/python3.12/site-packages/pandas/io/formats/style.py
177174	/home/kei/class_hybrid_a10/a10_env/lib/python3.12/site-packages/getdist/plots.py
177166	/home/kei/class_hybrid_a10/.venv_a10build/lib/python3.12/site-packages/pandas/core/indexes/__pycache__/multi.cpython-312.pyc
176180	/home/kei/class_hybrid_a10/python/classy.pyx
176180	/home/kei/class_hybrid_a10/packages/code/classy_old/python/classy.pyx
176180	/home/kei/class_hybrid_a10/packages/code/classy_old/build/lib.linux-x86_64-cpython-312/classy/python/classy.pyx
176180	/home/kei/class_hybrid_a10/build/lib.linux-x86_64-cpython-312/classy/python/classy.pyx
176180	/home/kei/class_hybrid_a10/a10_env/lib/python3.12/site-packages/classy/python/classy.pyx
175912	/home/kei/class_hybrid_a10/.venv_a10build/lib/python3.12/site-packages/numpy/core/_multiarray_tests.cpython-312-x86_64-linux-gnu.so
175043	/home/kei/class_hybrid_a10/.venv_a10build/lib/python3.12/site-packages/numpy/random/tests/__pycache__/test_generator_mt19937.cpython-312.pyc
174883	/home/kei/class_hybrid_a10/.venv_a10build/lib/python3.12/site-packages/pandas/tests/tools/__pycache__/test_to_datetime.cpython-312.pyc
