841981679	/home/kei/class_public_broken_backup/.git/objects/pack/pack-5e49e2e09b8ef64a0e788582c6a0cf52cd9aaa32.pack
23080779	/home/kei/class_public_broken_backup/output/a10_s8_test00_background.dat
11689930	/home/kei/class_public_broken_backup/external/distortions/Greens_data.dat
9913880	/home/kei/class_public_broken_backup/class
5196968	/home/kei/class_public_broken_backup/build/lensing.opp
2402072	/home/kei/class_public_broken_backup/build/perturbations.opp
1848912	/home/kei/class_public_broken_backup/build/hyperspherical.opp
1662120	/home/kei/class_public_broken_backup/build/transfer.opp
1567560	/home/kei/class_public_broken_backup/build/arrays.opp
1567248	/home/kei/class_public_broken_backup/build/hmcode.opp
1492768	/home/kei/class_public_broken_backup/build/primordial.opp
1386552	/home/kei/class_public_broken_backup/build/harmonic.opp
1323944	/home/kei/class_public_broken_backup/build/input.o
1069275	/home/kei/class_public_broken_backup/doc/manual/CLASS_MANUAL.pdf
878508	/home/kei/class_public_broken_backup/.git/objects/pack/pack-5e49e2e09b8ef64a0e788582c6a0cf52cd9aaa32.idx
689003	/home/kei/class_public_broken_backup/external/bbn/sBBN_2025.dat
546507	/home/kei/class_public_broken_backup/output/explanatory01_cl.dat
546507	/home/kei/class_public_broken_backup/output/explanatory00_cl.dat
455514	/home/kei/class_public_broken_backup/output/explanatory01_cl_lensed.dat
455514	/home/kei/class_public_broken_backup/output/explanatory00_cl_lensed.dat
455507	/home/kei/class_public_broken_backup/output/a10_s8_test00_cl.dat
422469	/home/kei/class_public_broken_backup/source/perturbations.c
404584	/home/kei/class_public_broken_backup/build/thermodynamics.o
381832	/home/kei/class_public_broken_backup/build/output.o
366893	/home/kei/class_public_broken_backup/external/HyRec2020/output_xe.dat
300472	/home/kei/class_public_broken_backup/build/distortions.o
287912	/home/kei/class_public_broken_backup/build/fourier.o
280864	/home/kei/class_public_broken_backup/build/background.o
272000	/home/kei/class_public_broken_backup/external/HyRec2020/Alpha_inf.dat
238719	/home/kei/class_public_broken_backup/source/input.c
209606	/home/kei/class_public_broken_backup/source/thermodynamics.c
205033	/home/kei/class_public_broken_backup/source/transfer.c
191960	/home/kei/class_public_broken_backup/external/HyRec2020/readme.pdf
191829	/home/kei/class_public_broken_backup/doc/input/latex/class.pdf
176180	/home/kei/class_public_broken_backup/python/classy.pyx
170088	/home/kei/class_public_broken_backup/build/evolver_ndf15.o
168880	/home/kei/class_public_broken_backup/build/injection.o
131600	/home/kei/class_public_broken_backup/source/primordial.c
129176	/home/kei/class_public_broken_backup/build/history.o
125400	/home/kei/class_public_broken_backup/.git/objects/pack/pack-5e49e2e09b8ef64a0e788582c6a0cf52cd9aaa32.rev
123272	/home/kei/class_public_broken_backup/build/hydrogen.o
119474	/home/kei/class_public_broken_backup/source/background.c
113220	/home/kei/class_public_broken_backup/doc/input/doxyconf
106664	/home/kei/class_public_broken_backup/source/fourier.c
103192	/home/kei/class_public_broken_backup/build/quadrature.o
103017	/home/kei/class_public_broken_backup/external/HyRec2020/two_photon_tables_hires.dat
100720	/home/kei/class_public_broken_backup/build/halofit.o
99344	/home/kei/class_public_broken_backup/external/bbn/sBBN_2025_primat.dat
99006	/home/kei/class_public_broken_backup/external/HMcode/hmcode.c
98418	/home/kei/class_public_broken_backup/external/external_Pk/Pk_example_w_tensors.dat
95432	/home/kei/class_public_broken_backup/build/noninjection.o
94799	/home/kei/class_public_broken_backup/tools/arrays.c
92560	/home/kei/class_public_broken_backup/build/parser.o
88624	/home/kei/class_public_broken_backup/build/class.o
83341	/home/kei/class_public_broken_backup/scripts/all_code.txt
80218	/home/kei/class_public_broken_backup/doc/input/latex/class.synctex.gz
73823	/home/kei/class_public_broken_backup/source/distortions.c
71616	/home/kei/class_public_broken_backup/build/wrap_recfast.o
69241	/home/kei/class_public_broken_backup/my_theory.ini
69241	/home/kei/class_public_broken_backup/explanatory.ini
68288	/home/kei/class_public_broken_backup/source/output.c
67580	/home/kei/class_public_broken_backup/source/harmonic.c
65944	/home/kei/class_public_broken_backup/build/sparse.o
64926	/home/kei/class_public_broken_backup/external/external_Pk/Pk_example.dat
59566	/home/kei/class_public_broken_backup/tools/hyperspherical.c
59241	/home/kei/class_public_broken_backup/source/lensing.c
59216	/home/kei/class_public_broken_backup/build/wrap_hyrec.o
55817	/home/kei/class_public_broken_backup/external/heating/injection.c
54789	/home/kei/class_public_broken_backup/external/RealSpaceInterface/static/fonts/open-iconic/font/fonts/open-iconic.svg
54402	/home/kei/class_public_broken_backup/tools/evolver_ndf15.c
53376	/home/kei/class_public_broken_backup/external/distortions/FIRAS_branching_ratios.dat
53263	/home/kei/class_public_broken_backup/external/distortions/PIXIE_branching_ratios.dat
51682	/home/kei/class_public_broken_backup/external/RealSpaceInterface/static/js/RSI.js
50189	/home/kei/class_public_broken_backup/include/perturbations.h
46627	/home/kei/class_public_broken_backup/external/HyRec2020/hydrogen.c
46089	/home/kei/class_public_broken_backup/external/HyRec2020/history.c
43736	/home/kei/class_public_broken_backup/build/dei_rkck.o
40186	/home/kei/class_public_broken_backup/include/precisions.h
34358	/home/kei/class_public_broken_backup/include/thermodynamics.h
34191	/home/kei/class_public_broken_backup/include/transfer.h
33888	/home/kei/class_public_broken_backup/external/RealSpaceInterface/static/js/sockjs.min.js
32144	/home/kei/class_public_broken_backup/build/energy_injection.o
30358	/home/kei/class_public_broken_backup/.git/index
30259	/home/kei/class_public_broken_backup/doc/input/latex/class.tex
30168	/home/kei/class_public_broken_backup/build/hyrectools.o
29084	/home/kei/class_public_broken_backup/output/explanatory01_pk.dat
29084	/home/kei/class_public_broken_backup/output/explanatory00_pk.dat
28444	/home/kei/class_public_broken_backup/python/test_class.py
28420	/home/kei/class_public_broken_backup/doc/input/chap3.md
28196	/home/kei/class_public_broken_backup/external/RealSpaceInterface/static/fonts/open-iconic/font/fonts/open-iconic.eot
28028	/home/kei/class_public_broken_backup/external/RealSpaceInterface/static/fonts/open-iconic/font/fonts/open-iconic.ttf
27940	/home/kei/class_public_broken_backup/output/a10_s8_test00_pk_cb.dat
27940	/home/kei/class_public_broken_backup/output/a10_s8_test00_pk.dat
27744	/home/kei/class_public_broken_backup/build/helium.o
27511	/home/kei/class_public_broken_backup/external/RealSpaceInterface/static/js/simulation.js
26555	/home/kei/class_public_broken_backup/include/background.h
25735	/home/kei/class_public_broken_backup/include/input.h
25191	/home/kei/class_public_broken_backup/external/HyRec2020/two_photon_tables.dat
25078	/home/kei/class_public_broken_backup/tools/quadrature.c
24172	/home/kei/class_public_broken_backup/include/common.h
23632	/home/kei/class_public_broken_backup/build/trigonometric_integrals.o
22565	/home/kei/class_public_broken_backup/CPU.py
22113	/home/kei/class_public_broken_backup/include/primordial.h
22019	/home/kei/class_public_broken_backup/notebooks/Growth_with_w.ipynb
21904	/home/kei/class_public_broken_backup/build/growTable.o
21554	/home/kei/class_public_broken_backup/tools/parser.c
21032	/home/kei/class_public_broken_backup/build/evolver_rkck.o
20996	/home/kei/class_public_broken_backup/external/RealSpaceInterface/static/fonts/open-iconic/font/fonts/open-iconic.otf
20357	/home/kei/class_public_broken_backup/external/Halofit/halofit.c
20191	/home/kei/class_public_broken_backup/python/interface_generator.py
20017	/home/kei/class_public_broken_backup/cpp/ClassEngine.cc
19613	/home/kei/class_public_broken_backup/CLASS_rename.py
19542	/home/kei/class_public_broken_backup/external/RealSpaceInterface/static/js/jquery.flot.axislabels.js
19510	/home/kei/class_public_broken_backup/include/fourier.h
17848	/home/kei/class_public_broken_backup/build/common.o
17797	/home/kei/class_public_broken_backup/external/HyRec2020/fit_swift.dat
17037	/home/kei/class_public_broken_backup/external/RealSpaceInterface/static/threejs/controls/OrbitControls.js
16856	/home/kei/class_public_broken_backup/scripts/Growth_with_w.py
16702	/home/kei/class_public_broken_backup/external/RealSpaceInterface/static/fonts/open-iconic/font/css/open-iconic-foundation.scss
16686	/home/kei/class_public_broken_backup/external/RealSpaceInterface/static/fonts/open-iconic/font/css/open-iconic-foundation.less
16636	/home/kei/class_public_broken_backup/external/RealSpaceInterface/static/js/gif.worker.js
16583	/home/kei/class_public_broken_backup/external/RealSpaceInterface/static/fonts/open-iconic/font/css/open-iconic-foundation.css
16290	/home/kei/class_public_broken_backup/python/cclassy.pxd
15164	/home/kei/class_public_broken_backup/external/RealSpaceInterface/static/fonts/open-iconic/font/css/open-iconic-foundation.styl
14992	/home/kei/class_public_broken_backup/external/heating/noninjection.c
14984	/home/kei/class_public_broken_backup/external/RealSpaceInterface/static/fonts/open-iconic/font/fonts/open-iconic.woff
14861	/home/kei/class_public_broken_backup/include/arrays.h
14848	/home/kei/class_public_broken_backup/external/RecfastCLASS/wrap_recfast.c
14845	/home/kei/class_public_broken_backup/notebooks/many_times.ipynb
14824	/home/kei/class_public_broken_backup/include/distortions.h
14659	/home/kei/class_public_broken_backup/external/RealSpaceInterface/static/fonts/open-iconic/font/css/open-iconic.scss
14643	/home/kei/class_public_broken_backup/external/RealSpaceInterface/static/fonts/open-iconic/font/css/open-iconic.less
14432	/home/kei/class_public_broken_backup/tools/sparse.c
14376	/home/kei/class_public_broken_backup/doc/input/doxygen.sty
14136	/home/kei/class_public_broken_backup/external/RealSpaceInterface/static/fonts/open-iconic/font/css/open-iconic-foundation.min.css
13856	/home/kei/class_public_broken_backup/external/RealSpaceInterface/static/fonts/open-iconic/font/css/open-iconic.css
13451	/home/kei/class_public_broken_backup/external/RealSpaceInterface/static/js/gif.js
13121	/home/kei/class_public_broken_backup/notebooks/one_time.ipynb
13086	/home/kei/class_public_broken_backup/external/RealSpaceInterface/static/fonts/open-iconic/font/css/open-iconic.styl
12742	/home/kei/class_public_broken_backup/include/harmonic.h
12498	/home/kei/class_public_broken_backup/external/RealSpaceInterface/static/js/paramGui.js
12297	/home/kei/class_public_broken_backup/external/RealSpaceInterface/static/fonts/open-iconic/font/css/open-iconic.min.css
12201	/home/kei/class_public_broken_backup/notebooks/check_PPF_approx.ipynb
12098	/home/kei/class_public_broken_backup/external/RealSpaceInterface/static/js/simulationList.js
11868	/home/kei/class_public_broken_backup/external/HyRec2020/hydrogen.h
11549	/home/kei/class_public_broken_backup/external/RealSpaceInterface/static/fonts/open-iconic/font/css/open-iconic-bootstrap.less
11526	/home/kei/class_public_broken_backup/external/RealSpaceInterface/static/fonts/open-iconic/font/css/open-iconic-bootstrap.scss
11396	/home/kei/class_public_broken_backup/external/RealSpaceInterface/static/fonts/open-iconic/font/css/open-iconic-bootstrap.css
11366	/home/kei/class_public_broken_backup/scripts/many_times.py
11248	/home/kei/class_public_broken_backup/external/bbn/sBBN_2017_marcucci.dat
11213	/home/kei/class_public_broken_backup/external/bbn/sBBN_2017.dat
10853	/home/kei/class_public_broken_backup/external/RealSpaceInterface/static/fonts/open-iconic/font/css/open-iconic-bootstrap.styl
10669	/home/kei/class_public_broken_backup/include/hyperspherical.h
10312	/home/kei/class_public_broken_backup/external/distortions/generate_PCA_files.py
9964	/home/kei/class_public_broken_backup/external/HMcode/hmcode.h
9769	/home/kei/class_public_broken_backup/doc/input/latex/class.log
9398	/home/kei/class_public_broken_backup/include/lensing.h
9395	/home/kei/class_public_broken_backup/external/RealSpaceInterface/static/fonts/open-iconic/font/css/open-iconic-bootstrap.min.css
9334	/home/kei/class_public_broken_backup/external/HyRec2020/energy_injection.c
9330	/home/kei/class_public_broken_backup/test/test_loops_omp.c
9290	/home/kei/class_public_broken_backup/scripts/one_time.py
9147	/home/kei/class_public_broken_backup/external/RealSpaceInterface/tornadoserver.py
9088	/home/kei/class_public_broken_backup/notebooks/one_k.ipynb
9062	/home/kei/class_public_broken_backup/external/heating/example_chiz_file.dat
9012	/home/kei/class_public_broken_backup/external/distortions/PIXIE_distortions_shapes.dat
8907	/home/kei/class_public_broken_backup/scripts/check_PPF_approx.py
8691	/home/kei/class_public_broken_backup/external/HyRec2020/helium.c
8581	/home/kei/class_public_broken_backup/external/RealSpaceInterface/templates/Header.html
8529	/home/kei/class_public_broken_backup/external/HyRec2020/hyrectools.c
8432	/home/kei/class_public_broken_backup/default.ini
8197	/home/kei/class_public_broken_backup/notebooks/varying_neff.ipynb
8095	/home/kei/class_public_broken_backup/external/bbn/sBBN.dat
7640	/home/kei/class_public_broken_backup/external/HyRec2020/wrap_hyrec.c
7409	/home/kei/class_public_broken_backup/doc/input/intro.md
7341	/home/kei/class_public_broken_backup/Makefile
7257	/home/kei/class_public_broken_backup/include/parallel.h
7232	/home/kei/class_public_broken_backup/external/RealSpaceInterface/templates/RSI.html
7102	/home/kei/class_public_broken_backup/external/RealSpaceInterface/static/js/redshiftModal.js
7088	/home/kei/class_public_broken_backup/external/heating/injection.h
6866	/home/kei/class_public_broken_backup/external/heating/README
6610	/home/kei/class_public_broken_backup/scripts/one_k.py
6553	/home/kei/class_public_broken_backup/notebooks/varying_pann.ipynb
6422	/home/kei/class_public_broken_backup/external/RealSpaceInterface/static/js/playerPanel.js
6416	/home/kei/class_public_broken_backup/external/RealSpaceInterface/Calc2D/CalculationClass.py
6393	/home/kei/class_public_broken_backup/tools/dei_rkck.c
6183	/home/kei/class_public_broken_backup/include/output.h
6098	/home/kei/class_public_broken_backup/external/external_Pk/README.md
6042	/home/kei/class_public_broken_backup/notebooks/neutrinohierarchy.ipynb
5882	/home/kei/class_public_broken_backup/external/distortions/FIRAS_distortions_shapes.dat
5799	/home/kei/class_public_broken_backup/test/test_loops.c
5749	/home/kei/class_public_broken_backup/tools/hermite6_interpolation_csource.h
5749	/home/kei/class_public_broken_backup/include/hermite6_interpolation_csource.h
5719	/home/kei/class_public_broken_backup/scripts/varying_neff.py
5635	/home/kei/class_public_broken_backup/notebooks/cl_ST.ipynb
5559	/home/kei/class_public_broken_backup/plot_CLASS_output.m
5446	/home/kei/class_public_broken_backup/test/test_transfer.c
5395	/home/kei/class_public_broken_backup/notebooks/warmup.ipynb
5387	/home/kei/class_public_broken_backup/.github/workflows/test_nightly.yml
5158	/home/kei/class_public_broken_backup/cpp/ClassEngine.hh
4899	/home/kei/class_public_broken_backup/tools/hermite4_interpolation_csource.h
4899	/home/kei/class_public_broken_backup/include/hermite4_interpolation_csource.h
4898	/home/kei/class_public_broken_backup/.git/hooks/pre-rebase.sample
4785	/home/kei/class_public_broken_backup/tools/hermite3_interpolation_csource.h
4785	/home/kei/class_public_broken_backup/include/hermite3_interpolation_csource.h
4771	/home/kei/class_public_broken_backup/setup.py
4754	/home/kei/class_public_broken_backup/external/RecfastCLASS/wrap_recfast.h
4726	/home/kei/class_public_broken_backup/.git/hooks/fsmonitor-watchman.sample
4719	/home/kei/class_public_broken_backup/test/test_thermodynamics.c
4667	/home/kei/class_public_broken_backup/external/distortions/README
4660	/home/kei/class_public_broken_backup/.git/packed-refs
4618	/home/kei/class_public_broken_backup/notebooks/cltt_terms.ipynb
4600	/home/kei/class_public_broken_backup/doc/input/chap2.md
4565	/home/kei/class_public_broken_backup/README.md
4552	/home/kei/class_public_broken_backup/tools/trigonometric_integrals.c
4544	/home/kei/class_public_broken_backup/test/test_fourier.c
4403	/home/kei/class_public_broken_backup/scripts/varying_pann.py
4238	/home/kei/class_public_broken_backup/include/evolver_ndf15.h
4235	/home/kei/class_public_broken_backup/scripts/neutrinohierarchy.py
4124	/home/kei/class_public_broken_backup/include/parser.h
4017	/home/kei/class_public_broken_backup/external/RealSpaceInterface/static/fonts/open-iconic/FONT-LICENSE
4002	/home/kei/class_public_broken_backup/external/HyRec2020/history.h
3982	/home/kei/class_public_broken_backup/tools/evolver_rkck.c
3949	/home/kei/class_public_broken_backup/notebooks/distances.ipynb
3948	/home/kei/class_public_broken_backup/test/test_hyperspherical.c
3906	/home/kei/class_public_broken_backup/main/class.c
3747	/home/kei/class_public_broken_backup/notebooks/test_hmcode.ipynb
3730	/home/kei/class_public_broken_backup/external/RealSpaceInterface/static/js/parameterConfig.js
3698	/home/kei/class_public_broken_backup/tools/growTable.c
3680	/home/kei/class_public_broken_backup/test/test_harmonic.c
3650	/home/kei/class_public_broken_backup/.git/hooks/update.sample
3504	/home/kei/class_public_broken_backup/include/quadrature.h
3501	/home/kei/class_public_broken_backup/external/RealSpaceInterface/static/fonts/open-iconic/README.md
3483	/home/kei/class_public_broken_backup/scripts/cl_ST.py
3400	/home/kei/class_public_broken_backup/psd_FD_single.dat
3281	/home/kei/class_public_broken_backup/test/test_perturbations.c
3239	/home/kei/class_public_broken_backup/external/RealSpaceInterface/templates/GifExportModal.html
3114	/home/kei/class_public_broken_backup/scripts/warmup.py
3092	/home/kei/class_public_broken_backup/notebooks/thermo.ipynb
3038	/home/kei/class_public_broken_backup/doc/input/mod.md
2929	/home/kei/class_public_broken_backup/scripts/cltt_terms.py
2802	/home/kei/class_public_broken_backup/external/RealSpaceInterface/Calc2D/DataGeneration.py
2783	/home/kei/class_public_broken_backup/.git/hooks/push-to-checkout.sample
2782	/home/kei/class_public_broken_backup/external/heating/example_f_eff_file.dat
2777	/home/kei/class_public_broken_backup/external/heating/noninjection.h
2772	/home/kei/class_public_broken_backup/external/RealSpaceInterface/static/css/custom.css
2705	/home/kei/class_public_broken_backup/include/dei_rkck.h
2688	/home/kei/class_public_broken_backup/external/RealSpaceInterface/static/favicon-32x32.png
2584	/home/kei/class_public_broken_backup/tools/common.c
2428	/home/kei/class_public_broken_backup/include/sparse.h
2318	/home/kei/class_public_broken_backup/python/setup.py
2312	/home/kei/class_public_broken_backup/external/RealSpaceInterface/Calc2D/TransferFunction.py
2308	/home/kei/class_public_broken_backup/.git/hooks/sendemail-validate.sample
2281	/home/kei/class_public_broken_backup/scripts/distances.py
2271	/home/kei/class_public_broken_backup/scripts/test_hmcode.py
2261	/home/kei/class_public_broken_backup/external/RealSpaceInterface/static/threejs/libs/stats.min.js
2215	/home/kei/class_public_broken_backup/external/RealSpaceInterface/templates/RedshiftModal.html
2210	/home/kei/class_public_broken_backup/external/HyRec2020/input.dat
2201	/home/kei/class_public_broken_backup/cl_ref.pre
2057	/home/kei/class_public_broken_backup/external/RealSpaceInterface/static/threejs/Detector.js
2050	/home/kei/class_public_broken_backup/external/RealSpaceInterface/templates/ImageExportModal.html
1982	/home/kei/class_public_broken_backup/pk_ref.pre
1909	/home/kei/class_public_broken_backup/external/HyRec2020/wrap_hyrec.h
1908	/home/kei/class_public_broken_backup/external/RealSpaceInterface/Calc2D/Database.py
1877	/home/kei/class_public_broken_backup/scripts/thermo.py
1863	/home/kei/class_public_broken_backup/test/test_background.c
1855	/home/kei/class_public_broken_backup/output/explanatory01_parameters.ini
1855	/home/kei/class_public_broken_backup/output/explanatory00_parameters.ini
1792	/home/kei/class_public_broken_backup/external/external_Pk/generate_Pk_example_w_tensors.py
1700	/home/kei/class_public_broken_backup/external/HyRec2020/R_inf.dat
1682	/home/kei/class_public_broken_backup/output/explanatory01_unused_parameters
1682	/home/kei/class_public_broken_backup/output/explanatory00_unused_parameters
1664	/home/kei/class_public_broken_backup/python/extract_errors.py
1662	/home/kei/class_public_broken_backup/external/external_Pk/generate_Pk_example.py
1656	/home/kei/class_public_broken_backup/cpp/Engine.hh
1643	/home/kei/class_public_broken_backup/.git/hooks/pre-commit.sample
1563	/home/kei/class_public_broken_backup/cpp/testKlass.cc
1556	/home/kei/class_public_broken_backup/doc/input/latex/class.aux
1533	/home/kei/class_public_broken_backup/external/RealSpaceInterface/static/js/gridLayout.js
1523	/home/kei/class_public_broken_backup/cpp/Engine.cc
1503	/home/kei/class_public_broken_backup/include/macros_precision.h
1492	/home/kei/class_public_broken_backup/.git/hooks/prepare-commit-msg.sample
1453	/home/kei/class_public_broken_backup/base_2018_plikHM_TTTEEE_lowl_lowE_lensing.ini
1440	/home/kei/class_public_broken_backup/base_2015_plikHM_TT_lowTEB_lensing.ini
1436	/home/kei/class_public_broken_backup/external/Halofit/halofit.h
1418	/home/kei/class_public_broken_backup/.github/workflows/test_on_pull_request.yml
1374	/home/kei/class_public_broken_backup/.git/hooks/pre-push.sample
1341	/home/kei/class_public_broken_backup/external/HyRec2020/hyrectools.h
1278	/home/kei/class_public_broken_backup/include/evolver_rkck.h
1276	/home/kei/class_public_broken_backup/external/heating/Galli_et_al_2013.dat
1271	/home/kei/class_public_broken_backup/cpp/Makefile
1256	/home/kei/class_public_broken_backup/external/RealSpaceInterface/Calc2D/DataPropagation.py
1222	/home/kei/class_public_broken_backup/external/heating/example_chix_file.dat
1199	/home/kei/class_public_broken_backup/external/HyRec2020/helium.h
1175	/home/kei/class_public_broken_backup/external/HyRec2020/energy_injection.h
1111	/home/kei/class_public_broken_backup/.github/workflows/test_on_push.yml
1073	/home/kei/class_public_broken_backup/external/RealSpaceInterface/static/fonts/open-iconic/ICON-LICENSE
1070	/home/kei/class_public_broken_backup/include/growTable.h
1055	/home/kei/class_public_broken_backup/myevolution.dat
1046	/home/kei/class_public_broken_backup/cpp/README
1042	/home/kei/class_public_broken_backup/external/RealSpaceInterface/colormap_converter.py
1012	/home/kei/class_public_broken_backup/external/RealSpaceInterface/static/favicon-16x16.png
971	/home/kei/class_public_broken_backup/external/distortions/FIRAS_nu_delta_I.dat
963	/home/kei/class_public_broken_backup/external/HyRec2020/hyrec.c
960	/home/kei/class_public_broken_backup/external/RealSpaceInterface/templates/ProgressModal.html
912	/home/kei/class_public_broken_backup/external/RealSpaceInterface/static/fonts/open-iconic/package.json
896	/home/kei/class_public_broken_backup/.git/hooks/commit-msg.sample
823	/home/kei/class_public_broken_backup/external/RealSpaceInterface/templates/AlreadySimulatedModal.html
806	/home/kei/class_public_broken_backup/external/RealSpaceInterface/config.py
765	/home/kei/class_public_broken_backup/python/README
752	/home/kei/class_public_broken_backup/doc/README
741	/home/kei/class_public_broken_backup/external/RealSpaceInterface/templates/ExceptionModal.html
740	/home/kei/class_public_broken_backup/external/RealSpaceInterface/templates/SimulationList.html
666	/home/kei/class_public_broken_backup/external/RealSpaceInterface/static/css/timeline.css
651	/home/kei/class_public_broken_backup/external/RealSpaceInterface/README
633	/home/kei/class_public_broken_backup/external/RealSpaceInterface/Calc2D/rFourier.py
631	/home/kei/class_public_broken_backup/include/class.h
626	/home/kei/class_public_broken_backup/doc/input/make1.sh
544	/home/kei/class_public_broken_backup/.git/hooks/pre-receive.sample
498	/home/kei/class_public_broken_backup/external/RealSpaceInterface/static/images/colormaps/Default/default.png
495	/home/kei/class_public_broken_backup/output/a10_s8_test00_parameters.ini
483	/home/kei/class_public_broken_backup/pyproject.toml
478	/home/kei/class_public_broken_backup/.git/hooks/applypatch-msg.sample
452	/home/kei/class_public_broken_backup/include/trigonometric_integrals.h
424	/home/kei/class_public_broken_backup/.git/hooks/pre-applypatch.sample
416	/home/kei/class_public_broken_backup/.git/hooks/pre-merge-commit.sample
409	/home/kei/class_public_broken_backup/external/RealSpaceInterface/static/fonts/open-iconic/bower.json
406	/home/kei/class_public_broken_backup/external/distortions/detectors_list.dat
375	/home/kei/class_public_broken_backup/external/RealSpaceInterface/templates/index.html
314	/home/kei/class_public_broken_backup/a10_s8_test.ini
300	/home/kei/class_public_broken_backup/cl_permille.pre
297	/home/kei/class_public_broken_backup/external/RealSpaceInterface/static/images/colormaps/Uniform/inferno.png
292	/home/kei/class_public_broken_backup/external/RealSpaceInterface/static/images/colormaps/Uniform/magma.png
279	/home/kei/class_public_broken_backup/external/RealSpaceInterface/static/images/colormaps/Uniform/viridis.png
279	/home/kei/class_public_broken_backup/external/RealSpaceInterface/static/images/cmap.png
278	/home/kei/class_public_broken_backup/external/RealSpaceInterface/static/images/colormaps/Uniform/plasma.png
274	/home/kei/class_public_broken_backup/myselection.dat
269	/home/kei/class_public_broken_backup/.git/config
266	/home/kei/class_public_broken_backup/external/RealSpaceInterface/static/images/colormaps/Diverging/RdYlBu.png
262	/home/kei/class_public_broken_backup/external/RealSpaceInterface/static/images/colormaps/Diverging/Spectral.png
240	/home/kei/class_public_broken_backup/.git/info/exclude
189	/home/kei/class_public_broken_backup/.git/hooks/post-update.sample
186	/home/kei/class_public_broken_backup/doc/input/make2.sh
182	/home/kei/class_public_broken_backup/.git/logs/refs/remotes/origin/HEAD
182	/home/kei/class_public_broken_backup/.git/logs/refs/heads/master
182	/home/kei/class_public_broken_backup/.git/logs/HEAD
174	/home/kei/class_public_broken_backup/external/RealSpaceInterface/static/images/colormaps/Miscellaneous/jet.png
167	/home/kei/class_public_broken_backup/.gitignore
158	/home/kei/class_public_broken_backup/external/HyRec2020/README.md
151	/home/kei/class_public_broken_backup/output/a10_s8_test00_unused_parameters
139	/home/kei/class_public_broken_backup/external/RealSpaceInterface/static/images/colormaps/Diverging/seismic.png
134	/home/kei/class_public_broken_backup/external/RealSpaceInterface/requirements.txt
101	/home/kei/class_public_broken_backup/__init__.py
73	/home/kei/class_public_broken_backup/.git/description
41	/home/kei/class_public_broken_backup/.git/refs/heads/master
32	/home/kei/class_public_broken_backup/.git/refs/remotes/origin/HEAD
30	/home/kei/class_public_broken_backup/include/svnversion.h
23	/home/kei/class_public_broken_backup/.git/HEAD
9	/home/kei/class_public_broken_backup/external/RealSpaceInterface/static/fonts/open-iconic/.gitignore
0	/home/kei/class_public_broken_backup/external/RealSpaceInterface/static/js/.Rhistory
0	/home/kei/class_public_broken_backup/external/RealSpaceInterface/cache/.keep
0	/home/kei/class_public_broken_backup/external/RealSpaceInterface/Calc2D/__init__.py
0	/home/kei/class_public_broken_backup/build/.base
