841981679	/home/kei/class_unified_a10/.git/objects/pack/pack-5e49e2e09b8ef64a0e788582c6a0cf52cd9aaa32.pack
112233041	/home/kei/class_unified_a10/chains/a10_run2.1.txt
60331967	/home/kei/class_unified_a10/packages/data/bao_data/sdss_DR16_ELG_FSBAO_DMDHfs8gridlikelihood.txt
53523861	/home/kei/class_unified_a10/packages/data/sn_data/DESY5/covsys_000.txt
41921280	/home/kei/class_unified_a10/packages/data/planck_2018/baseline/plc_3.0/hi_l/plik/plik_rd12_HM_v22b_TTTEEE.clik/clik/lkl_0/criterion_gauss_mat
33284960	/home/kei/class_unified_a10/packages/data/sn_data/PantheonPlus/Pantheon+SH0ES_STAT+SYS.cov
24080804	/home/kei/class_unified_a10/output/a10_test_18_background.dat
24080804	/home/kei/class_unified_a10/output/a10_test_17_background.dat
24080804	/home/kei/class_unified_a10/output/a10_test_16_background.dat
24080804	/home/kei/class_unified_a10/output/a10_test_15_background.dat
24080804	/home/kei/class_unified_a10/output/a10_test_14_background.dat
24080804	/home/kei/class_unified_a10/output/a10_test_13_background.dat
24080804	/home/kei/class_unified_a10/output/a10_test_12_background.dat
24080804	/home/kei/class_unified_a10/output/a10_test_11_background.dat
24080804	/home/kei/class_unified_a10/output/a10_test_10_background.dat
24080804	/home/kei/class_unified_a10/output/a10_test_09_background.dat
24080804	/home/kei/class_unified_a10/output/a10_test_08_background.dat
24080804	/home/kei/class_unified_a10/output/a10_test_07_background.dat
24080804	/home/kei/class_unified_a10/output/a10_test_06_background.dat
24080804	/home/kei/class_unified_a10/output/a10_test_05_background.dat
24080804	/home/kei/class_unified_a10/output/a10_test_04_background.dat
24080804	/home/kei/class_unified_a10/output/a10_test_03_background.dat
24080804	/home/kei/class_unified_a10/output/a10_test_02_background.dat
23080779	/home/kei/class_unified_a10/output/test_model00_background.dat
21227706	/home/kei/class_unified_a10/libclass.a
21164850	/home/kei/class_unified_a10/packages/code/classy/libclass.a
21080729	/home/kei/class_unified_a10/output/scan2d/2d_H75.0_k3.0_00_background.dat
21080729	/home/kei/class_unified_a10/output/scan2d/2d_H75.0_k2.8_00_background.dat
21080729	/home/kei/class_unified_a10/output/scan2d/2d_H75.0_k2.6_00_background.dat
21080729	/home/kei/class_unified_a10/output/scan2d/2d_H75.0_k2.4_00_background.dat
21080729	/home/kei/class_unified_a10/output/scan2d/2d_H75.0_k2.2_00_background.dat
21080729	/home/kei/class_unified_a10/output/scan2d/2d_H75.0_k2.0_00_background.dat
21080729	/home/kei/class_unified_a10/output/scan2d/2d_H75.0_k1.8_00_background.dat
21080729	/home/kei/class_unified_a10/output/scan2d/2d_H75.0_k1.6_00_background.dat
21080729	/home/kei/class_unified_a10/output/scan2d/2d_H75.0_k1.4_00_background.dat
21080729	/home/kei/class_unified_a10/output/scan2d/2d_H75.0_k1.2_00_background.dat
21080729	/home/kei/class_unified_a10/output/scan2d/2d_H75.0_k1.0_00_background.dat
21080729	/home/kei/class_unified_a10/output/scan2d/2d_H75.0_k0.8_00_background.dat
21080729	/home/kei/class_unified_a10/output/scan2d/2d_H75.0_k0.6_00_background.dat
21080729	/home/kei/class_unified_a10/output/scan2d/2d_H75.0_k0.4_00_background.dat
21080729	/home/kei/class_unified_a10/output/scan2d/2d_H75.0_k0.2_00_background.dat
21080729	/home/kei/class_unified_a10/output/scan2d/2d_H75.0_k0.0_00_background.dat
21080729	/home/kei/class_unified_a10/output/scan2d/2d_H74.0_k3.0_00_background.dat
21080729	/home/kei/class_unified_a10/output/scan2d/2d_H74.0_k2.8_00_background.dat
21080729	/home/kei/class_unified_a10/output/scan2d/2d_H74.0_k2.6_00_background.dat
21080729	/home/kei/class_unified_a10/output/scan2d/2d_H74.0_k2.4_00_background.dat
21080729	/home/kei/class_unified_a10/output/scan2d/2d_H74.0_k2.2_00_background.dat
21080729	/home/kei/class_unified_a10/output/scan2d/2d_H74.0_k2.0_00_background.dat
21080729	/home/kei/class_unified_a10/output/scan2d/2d_H74.0_k1.8_00_background.dat
21080729	/home/kei/class_unified_a10/output/scan2d/2d_H74.0_k1.6_00_background.dat
21080729	/home/kei/class_unified_a10/output/scan2d/2d_H74.0_k1.4_00_background.dat
21080729	/home/kei/class_unified_a10/output/scan2d/2d_H74.0_k1.2_00_background.dat
21080729	/home/kei/class_unified_a10/output/scan2d/2d_H74.0_k1.0_00_background.dat
21080729	/home/kei/class_unified_a10/output/scan2d/2d_H74.0_k0.8_00_background.dat
21080729	/home/kei/class_unified_a10/output/scan2d/2d_H74.0_k0.6_00_background.dat
21080729	/home/kei/class_unified_a10/output/scan2d/2d_H74.0_k0.4_00_background.dat
21080729	/home/kei/class_unified_a10/output/scan2d/2d_H74.0_k0.2_00_background.dat
21080729	/home/kei/class_unified_a10/output/scan2d/2d_H74.0_k0.0_00_background.dat
21080729	/home/kei/class_unified_a10/output/scan2d/2d_H73.0_k3.0_00_background.dat
21080729	/home/kei/class_unified_a10/output/scan2d/2d_H73.0_k2.8_00_background.dat
21080729	/home/kei/class_unified_a10/output/scan2d/2d_H73.0_k2.6_00_background.dat
21080729	/home/kei/class_unified_a10/output/scan2d/2d_H73.0_k2.4_00_background.dat
21080729	/home/kei/class_unified_a10/output/scan2d/2d_H73.0_k2.2_00_background.dat
21080729	/home/kei/class_unified_a10/output/scan2d/2d_H73.0_k2.0_00_background.dat
21080729	/home/kei/class_unified_a10/output/scan2d/2d_H73.0_k1.8_00_background.dat
21080729	/home/kei/class_unified_a10/output/scan2d/2d_H73.0_k1.6_00_background.dat
21080729	/home/kei/class_unified_a10/output/scan2d/2d_H73.0_k1.4_00_background.dat
21080729	/home/kei/class_unified_a10/output/scan2d/2d_H73.0_k1.2_00_background.dat
21080729	/home/kei/class_unified_a10/output/scan2d/2d_H73.0_k1.0_00_background.dat
21080729	/home/kei/class_unified_a10/output/scan2d/2d_H73.0_k0.8_00_background.dat
21080729	/home/kei/class_unified_a10/output/scan2d/2d_H73.0_k0.6_00_background.dat
21080729	/home/kei/class_unified_a10/output/scan2d/2d_H73.0_k0.4_00_background.dat
21080729	/home/kei/class_unified_a10/output/scan2d/2d_H73.0_k0.2_00_background.dat
21080729	/home/kei/class_unified_a10/output/scan2d/2d_H73.0_k0.0_00_background.dat
21080729	/home/kei/class_unified_a10/output/scan2d/2d_H72.0_k3.0_00_background.dat
21080729	/home/kei/class_unified_a10/output/scan2d/2d_H72.0_k2.8_00_background.dat
21080729	/home/kei/class_unified_a10/output/scan2d/2d_H72.0_k2.6_00_background.dat
21080729	/home/kei/class_unified_a10/output/scan2d/2d_H72.0_k2.4_00_background.dat
21080729	/home/kei/class_unified_a10/output/scan2d/2d_H72.0_k2.2_00_background.dat
21080729	/home/kei/class_unified_a10/output/scan2d/2d_H72.0_k2.0_00_background.dat
21080729	/home/kei/class_unified_a10/output/scan2d/2d_H72.0_k1.8_00_background.dat
21080729	/home/kei/class_unified_a10/output/scan2d/2d_H72.0_k1.6_00_background.dat
21080729	/home/kei/class_unified_a10/output/scan2d/2d_H72.0_k1.4_00_background.dat
21080729	/home/kei/class_unified_a10/output/scan2d/2d_H72.0_k1.2_00_background.dat
21080729	/home/kei/class_unified_a10/output/scan2d/2d_H72.0_k1.0_00_background.dat
21080729	/home/kei/class_unified_a10/output/scan2d/2d_H72.0_k0.8_00_background.dat
21080729	/home/kei/class_unified_a10/output/scan2d/2d_H72.0_k0.6_00_background.dat
21080729	/home/kei/class_unified_a10/output/scan2d/2d_H72.0_k0.4_00_background.dat
21080729	/home/kei/class_unified_a10/output/scan2d/2d_H72.0_k0.2_00_background.dat
21080729	/home/kei/class_unified_a10/output/scan2d/2d_H72.0_k0.0_00_background.dat
21080729	/home/kei/class_unified_a10/output/scan2d/2d_H71.0_k3.0_00_background.dat
21080729	/home/kei/class_unified_a10/output/scan2d/2d_H71.0_k2.8_00_background.dat
21080729	/home/kei/class_unified_a10/output/scan2d/2d_H71.0_k2.6_00_background.dat
21080729	/home/kei/class_unified_a10/output/scan2d/2d_H71.0_k2.4_00_background.dat
21080729	/home/kei/class_unified_a10/output/scan2d/2d_H71.0_k2.2_00_background.dat
21080729	/home/kei/class_unified_a10/output/scan2d/2d_H71.0_k2.0_00_background.dat
21080729	/home/kei/class_unified_a10/output/scan2d/2d_H71.0_k1.8_00_background.dat
21080729	/home/kei/class_unified_a10/output/scan2d/2d_H71.0_k1.6_00_background.dat
21080729	/home/kei/class_unified_a10/output/scan2d/2d_H71.0_k1.4_00_background.dat
21080729	/home/kei/class_unified_a10/output/scan2d/2d_H71.0_k1.2_00_background.dat
21080729	/home/kei/class_unified_a10/output/scan2d/2d_H71.0_k1.0_00_background.dat
21080729	/home/kei/class_unified_a10/output/scan2d/2d_H71.0_k0.8_00_background.dat
21080729	/home/kei/class_unified_a10/output/scan2d/2d_H71.0_k0.6_00_background.dat
21080729	/home/kei/class_unified_a10/output/scan2d/2d_H71.0_k0.4_00_background.dat
21080729	/home/kei/class_unified_a10/output/scan2d/2d_H71.0_k0.2_00_background.dat
21080729	/home/kei/class_unified_a10/output/scan2d/2d_H71.0_k0.0_00_background.dat
21080729	/home/kei/class_unified_a10/output/scan2d/2d_H70.0_k3.0_00_background.dat
21080729	/home/kei/class_unified_a10/output/scan2d/2d_H70.0_k2.8_00_background.dat
21080729	/home/kei/class_unified_a10/output/scan2d/2d_H70.0_k2.6_00_background.dat
21080729	/home/kei/class_unified_a10/output/scan2d/2d_H70.0_k2.4_00_background.dat
21080729	/home/kei/class_unified_a10/output/scan2d/2d_H70.0_k2.2_00_background.dat
21080729	/home/kei/class_unified_a10/output/scan2d/2d_H70.0_k2.0_00_background.dat
21080729	/home/kei/class_unified_a10/output/scan2d/2d_H70.0_k1.8_00_background.dat
21080729	/home/kei/class_unified_a10/output/scan2d/2d_H70.0_k1.6_00_background.dat
21080729	/home/kei/class_unified_a10/output/scan2d/2d_H70.0_k1.4_00_background.dat
21080729	/home/kei/class_unified_a10/output/scan2d/2d_H70.0_k1.2_00_background.dat
21080729	/home/kei/class_unified_a10/output/scan2d/2d_H70.0_k1.0_00_background.dat
21080729	/home/kei/class_unified_a10/output/scan2d/2d_H70.0_k0.8_00_background.dat
21080729	/home/kei/class_unified_a10/output/scan2d/2d_H70.0_k0.6_00_background.dat
21080729	/home/kei/class_unified_a10/output/scan2d/2d_H70.0_k0.4_00_background.dat
21080729	/home/kei/class_unified_a10/output/scan2d/2d_H70.0_k0.2_00_background.dat
21080729	/home/kei/class_unified_a10/output/scan2d/2d_H70.0_k0.0_00_background.dat
21080729	/home/kei/class_unified_a10/output/scan2d/2d_H69.0_k3.0_00_background.dat
21080729	/home/kei/class_unified_a10/output/scan2d/2d_H69.0_k2.8_00_background.dat
21080729	/home/kei/class_unified_a10/output/scan2d/2d_H69.0_k2.6_00_background.dat
21080729	/home/kei/class_unified_a10/output/scan2d/2d_H69.0_k2.4_00_background.dat
21080729	/home/kei/class_unified_a10/output/scan2d/2d_H69.0_k2.2_00_background.dat
21080729	/home/kei/class_unified_a10/output/scan2d/2d_H69.0_k2.0_00_background.dat
21080729	/home/kei/class_unified_a10/output/scan2d/2d_H69.0_k1.8_00_background.dat
21080729	/home/kei/class_unified_a10/output/scan2d/2d_H69.0_k1.6_00_background.dat
21080729	/home/kei/class_unified_a10/output/scan2d/2d_H69.0_k1.4_00_background.dat
21080729	/home/kei/class_unified_a10/output/scan2d/2d_H69.0_k1.2_00_background.dat
21080729	/home/kei/class_unified_a10/output/scan2d/2d_H69.0_k1.0_00_background.dat
21080729	/home/kei/class_unified_a10/output/scan2d/2d_H69.0_k0.8_00_background.dat
21080729	/home/kei/class_unified_a10/output/scan2d/2d_H69.0_k0.6_00_background.dat
21080729	/home/kei/class_unified_a10/output/scan2d/2d_H69.0_k0.4_00_background.dat
21080729	/home/kei/class_unified_a10/output/scan2d/2d_H69.0_k0.2_00_background.dat
21080729	/home/kei/class_unified_a10/output/scan2d/2d_H69.0_k0.0_00_background.dat
21080729	/home/kei/class_unified_a10/output/scan2d/2d_H68.0_k3.0_00_background.dat
21080729	/home/kei/class_unified_a10/output/scan2d/2d_H68.0_k2.8_00_background.dat
21080729	/home/kei/class_unified_a10/output/scan2d/2d_H68.0_k2.6_00_background.dat
21080729	/home/kei/class_unified_a10/output/scan2d/2d_H68.0_k2.4_00_background.dat
21080729	/home/kei/class_unified_a10/output/scan2d/2d_H68.0_k2.2_00_background.dat
21080729	/home/kei/class_unified_a10/output/scan2d/2d_H68.0_k2.0_00_background.dat
21080729	/home/kei/class_unified_a10/output/scan2d/2d_H68.0_k1.8_00_background.dat
21080729	/home/kei/class_unified_a10/output/scan2d/2d_H68.0_k1.6_00_background.dat
21080729	/home/kei/class_unified_a10/output/scan2d/2d_H68.0_k1.4_00_background.dat
21080729	/home/kei/class_unified_a10/output/scan2d/2d_H68.0_k1.2_00_background.dat
21080729	/home/kei/class_unified_a10/output/scan2d/2d_H68.0_k1.0_00_background.dat
21080729	/home/kei/class_unified_a10/output/scan2d/2d_H68.0_k0.8_00_background.dat
21080729	/home/kei/class_unified_a10/output/scan2d/2d_H68.0_k0.6_00_background.dat
21080729	/home/kei/class_unified_a10/output/scan2d/2d_H68.0_k0.4_00_background.dat
21080729	/home/kei/class_unified_a10/output/scan2d/2d_H68.0_k0.2_00_background.dat
21080729	/home/kei/class_unified_a10/output/scan2d/2d_H68.0_k0.0_00_background.dat
21080729	/home/kei/class_unified_a10/output/scan2d/2d_H67.0_k3.0_00_background.dat
21080729	/home/kei/class_unified_a10/output/scan2d/2d_H67.0_k2.8_00_background.dat
21080729	/home/kei/class_unified_a10/output/scan2d/2d_H67.0_k2.6_00_background.dat
21080729	/home/kei/class_unified_a10/output/scan2d/2d_H67.0_k2.4_00_background.dat
21080729	/home/kei/class_unified_a10/output/scan2d/2d_H67.0_k2.2_00_background.dat
21080729	/home/kei/class_unified_a10/output/scan2d/2d_H67.0_k2.0_00_background.dat
21080729	/home/kei/class_unified_a10/output/scan2d/2d_H67.0_k1.8_00_background.dat
21080729	/home/kei/class_unified_a10/output/scan2d/2d_H67.0_k1.6_00_background.dat
21080729	/home/kei/class_unified_a10/output/scan2d/2d_H67.0_k1.4_00_background.dat
21080729	/home/kei/class_unified_a10/output/scan2d/2d_H67.0_k1.2_00_background.dat
21080729	/home/kei/class_unified_a10/output/scan2d/2d_H67.0_k1.0_00_background.dat
21080729	/home/kei/class_unified_a10/output/scan2d/2d_H67.0_k0.8_00_background.dat
21080729	/home/kei/class_unified_a10/output/scan2d/2d_H67.0_k0.6_00_background.dat
21080729	/home/kei/class_unified_a10/output/scan2d/2d_H67.0_k0.4_00_background.dat
21080729	/home/kei/class_unified_a10/output/scan2d/2d_H67.0_k0.2_00_background.dat
21080729	/home/kei/class_unified_a10/output/scan2d/2d_H67.0_k0.0_00_background.dat
21080729	/home/kei/class_unified_a10/output/scan2d/2d_H66.0_k3.0_00_background.dat
21080729	/home/kei/class_unified_a10/output/scan2d/2d_H66.0_k2.8_00_background.dat
21080729	/home/kei/class_unified_a10/output/scan2d/2d_H66.0_k2.6_00_background.dat
21080729	/home/kei/class_unified_a10/output/scan2d/2d_H66.0_k2.4_00_background.dat
21080729	/home/kei/class_unified_a10/output/scan2d/2d_H66.0_k2.2_00_background.dat
21080729	/home/kei/class_unified_a10/output/scan2d/2d_H66.0_k2.0_00_background.dat
21080729	/home/kei/class_unified_a10/output/scan2d/2d_H66.0_k1.8_00_background.dat
21080729	/home/kei/class_unified_a10/output/scan2d/2d_H66.0_k1.6_00_background.dat
21080729	/home/kei/class_unified_a10/output/scan2d/2d_H66.0_k1.4_00_background.dat
21080729	/home/kei/class_unified_a10/output/scan2d/2d_H66.0_k1.2_00_background.dat
21080729	/home/kei/class_unified_a10/output/scan2d/2d_H66.0_k1.0_00_background.dat
21080729	/home/kei/class_unified_a10/output/scan2d/2d_H66.0_k0.8_00_background.dat
21080729	/home/kei/class_unified_a10/output/scan2d/2d_H66.0_k0.6_00_background.dat
21080729	/home/kei/class_unified_a10/output/scan2d/2d_H66.0_k0.4_00_background.dat
21080729	/home/kei/class_unified_a10/output/scan2d/2d_H66.0_k0.2_00_background.dat
21080729	/home/kei/class_unified_a10/output/scan2d/2d_H66.0_k0.0_00_background.dat
21080729	/home/kei/class_unified_a10/output/scan2d/2d_H65.0_k3.0_00_background.dat
21080729	/home/kei/class_unified_a10/output/scan2d/2d_H65.0_k2.8_00_background.dat
21080729	/home/kei/class_unified_a10/output/scan2d/2d_H65.0_k2.6_00_background.dat
21080729	/home/kei/class_unified_a10/output/scan2d/2d_H65.0_k2.4_00_background.dat
21080729	/home/kei/class_unified_a10/output/scan2d/2d_H65.0_k2.2_00_background.dat
21080729	/home/kei/class_unified_a10/output/scan2d/2d_H65.0_k2.0_00_background.dat
21080729	/home/kei/class_unified_a10/output/scan2d/2d_H65.0_k1.8_00_background.dat
21080729	/home/kei/class_unified_a10/output/scan2d/2d_H65.0_k1.6_00_background.dat
21080729	/home/kei/class_unified_a10/output/scan2d/2d_H65.0_k1.4_00_background.dat
21080729	/home/kei/class_unified_a10/output/scan2d/2d_H65.0_k1.2_00_background.dat
21080729	/home/kei/class_unified_a10/output/scan2d/2d_H65.0_k1.0_00_background.dat
21080729	/home/kei/class_unified_a10/output/scan2d/2d_H65.0_k0.8_00_background.dat
21080729	/home/kei/class_unified_a10/output/scan2d/2d_H65.0_k0.6_00_background.dat
21080729	/home/kei/class_unified_a10/output/scan2d/2d_H65.0_k0.4_00_background.dat
21080729	/home/kei/class_unified_a10/output/scan2d/2d_H65.0_k0.2_00_background.dat
21080729	/home/kei/class_unified_a10/output/scan2d/2d_H65.0_k0.0_00_background.dat
21080729	/home/kei/class_unified_a10/output/scan/scan_k3.0_00_background.dat
21080729	/home/kei/class_unified_a10/output/scan/scan_k2.8_00_background.dat
21080729	/home/kei/class_unified_a10/output/scan/scan_k2.6_00_background.dat
21080729	/home/kei/class_unified_a10/output/scan/scan_k2.4_00_background.dat
21080729	/home/kei/class_unified_a10/output/scan/scan_k2.2_00_background.dat
21080729	/home/kei/class_unified_a10/output/scan/scan_k2.0_00_background.dat
21080729	/home/kei/class_unified_a10/output/scan/scan_k1.8_00_background.dat
21080729	/home/kei/class_unified_a10/output/scan/scan_k1.6_00_background.dat
21080729	/home/kei/class_unified_a10/output/scan/scan_k1.4_00_background.dat
21080729	/home/kei/class_unified_a10/output/scan/scan_k1.2_00_background.dat
21080729	/home/kei/class_unified_a10/output/scan/scan_k1.0_00_background.dat
21080729	/home/kei/class_unified_a10/output/scan/scan_k0.8_00_background.dat
21080729	/home/kei/class_unified_a10/output/scan/scan_k0.6_00_background.dat
21080729	/home/kei/class_unified_a10/output/scan/scan_k0.4_00_background.dat
21080729	/home/kei/class_unified_a10/output/scan/scan_k0.2_00_background.dat
21080729	/home/kei/class_unified_a10/output/scan/scan_k0.0_00_background.dat
21080729	/home/kei/class_unified_a10/output/phase2/p2_tmp_99_background.dat
21080729	/home/kei/class_unified_a10/output/phase2/p2_tmp_98_background.dat
21080729	/home/kei/class_unified_a10/output/phase2/p2_tmp_97_background.dat
21080729	/home/kei/class_unified_a10/output/phase2/p2_tmp_96_background.dat
21080729	/home/kei/class_unified_a10/output/phase2/p2_tmp_95_background.dat
21080729	/home/kei/class_unified_a10/output/phase2/p2_tmp_94_background.dat
21080729	/home/kei/class_unified_a10/output/phase2/p2_tmp_93_background.dat
21080729	/home/kei/class_unified_a10/output/phase2/p2_tmp_92_background.dat
21080729	/home/kei/class_unified_a10/output/phase2/p2_tmp_91_background.dat
21080729	/home/kei/class_unified_a10/output/phase2/p2_tmp_90_background.dat
21080729	/home/kei/class_unified_a10/output/phase2/p2_tmp_89_background.dat
21080729	/home/kei/class_unified_a10/output/phase2/p2_tmp_88_background.dat
21080729	/home/kei/class_unified_a10/output/phase2/p2_tmp_87_background.dat
21080729	/home/kei/class_unified_a10/output/phase2/p2_tmp_86_background.dat
21080729	/home/kei/class_unified_a10/output/phase2/p2_tmp_85_background.dat
21080729	/home/kei/class_unified_a10/output/phase2/p2_tmp_84_background.dat
21080729	/home/kei/class_unified_a10/output/phase2/p2_tmp_83_background.dat
21080729	/home/kei/class_unified_a10/output/phase2/p2_tmp_82_background.dat
21080729	/home/kei/class_unified_a10/output/phase2/p2_tmp_81_background.dat
21080729	/home/kei/class_unified_a10/output/phase2/p2_tmp_80_background.dat
21080729	/home/kei/class_unified_a10/output/phase2/p2_tmp_79_background.dat
21080729	/home/kei/class_unified_a10/output/phase2/p2_tmp_78_background.dat
21080729	/home/kei/class_unified_a10/output/phase2/p2_tmp_77_background.dat
21080729	/home/kei/class_unified_a10/output/phase2/p2_tmp_76_background.dat
21080729	/home/kei/class_unified_a10/output/phase2/p2_tmp_75_background.dat
21080729	/home/kei/class_unified_a10/output/phase2/p2_tmp_74_background.dat
21080729	/home/kei/class_unified_a10/output/phase2/p2_tmp_73_background.dat
21080729	/home/kei/class_unified_a10/output/phase2/p2_tmp_72_background.dat
21080729	/home/kei/class_unified_a10/output/phase2/p2_tmp_71_background.dat
21080729	/home/kei/class_unified_a10/output/phase2/p2_tmp_70_background.dat
21080729	/home/kei/class_unified_a10/output/phase2/p2_tmp_69_background.dat
21080729	/home/kei/class_unified_a10/output/phase2/p2_tmp_68_background.dat
21080729	/home/kei/class_unified_a10/output/phase2/p2_tmp_67_background.dat
21080729	/home/kei/class_unified_a10/output/phase2/p2_tmp_66_background.dat
21080729	/home/kei/class_unified_a10/output/phase2/p2_tmp_65_background.dat
21080729	/home/kei/class_unified_a10/output/phase2/p2_tmp_64_background.dat
21080729	/home/kei/class_unified_a10/output/phase2/p2_tmp_63_background.dat
21080729	/home/kei/class_unified_a10/output/phase2/p2_tmp_62_background.dat
21080729	/home/kei/class_unified_a10/output/phase2/p2_tmp_61_background.dat
21080729	/home/kei/class_unified_a10/output/phase2/p2_tmp_60_background.dat
21080729	/home/kei/class_unified_a10/output/phase2/p2_tmp_59_background.dat
21080729	/home/kei/class_unified_a10/output/phase2/p2_tmp_58_background.dat
21080729	/home/kei/class_unified_a10/output/phase2/p2_tmp_57_background.dat
21080729	/home/kei/class_unified_a10/output/phase2/p2_tmp_56_background.dat
21080729	/home/kei/class_unified_a10/output/phase2/p2_tmp_55_background.dat
21080729	/home/kei/class_unified_a10/output/phase2/p2_tmp_54_background.dat
21080729	/home/kei/class_unified_a10/output/phase2/p2_tmp_53_background.dat
21080729	/home/kei/class_unified_a10/output/phase2/p2_tmp_52_background.dat
21080729	/home/kei/class_unified_a10/output/phase2/p2_tmp_51_background.dat
21080729	/home/kei/class_unified_a10/output/phase2/p2_tmp_50_background.dat
21080729	/home/kei/class_unified_a10/output/phase2/p2_tmp_49_background.dat
21080729	/home/kei/class_unified_a10/output/phase2/p2_tmp_48_background.dat
21080729	/home/kei/class_unified_a10/output/phase2/p2_tmp_47_background.dat
21080729	/home/kei/class_unified_a10/output/phase2/p2_tmp_46_background.dat
21080729	/home/kei/class_unified_a10/output/phase2/p2_tmp_45_background.dat
21080729	/home/kei/class_unified_a10/output/phase2/p2_tmp_44_background.dat
21080729	/home/kei/class_unified_a10/output/phase2/p2_tmp_43_background.dat
21080729	/home/kei/class_unified_a10/output/phase2/p2_tmp_42_background.dat
21080729	/home/kei/class_unified_a10/output/phase2/p2_tmp_41_background.dat
21080729	/home/kei/class_unified_a10/output/phase2/p2_tmp_40_background.dat
21080729	/home/kei/class_unified_a10/output/phase2/p2_tmp_39_background.dat
21080729	/home/kei/class_unified_a10/output/phase2/p2_tmp_38_background.dat
21080729	/home/kei/class_unified_a10/output/phase2/p2_tmp_37_background.dat
21080729	/home/kei/class_unified_a10/output/phase2/p2_tmp_36_background.dat
21080729	/home/kei/class_unified_a10/output/phase2/p2_tmp_35_background.dat
21080729	/home/kei/class_unified_a10/output/phase2/p2_tmp_34_background.dat
21080729	/home/kei/class_unified_a10/output/phase2/p2_tmp_33_background.dat
21080729	/home/kei/class_unified_a10/output/phase2/p2_tmp_32_background.dat
21080729	/home/kei/class_unified_a10/output/phase2/p2_tmp_31_background.dat
21080729	/home/kei/class_unified_a10/output/phase2/p2_tmp_30_background.dat
21080729	/home/kei/class_unified_a10/output/phase2/p2_tmp_29_background.dat
21080729	/home/kei/class_unified_a10/output/phase2/p2_tmp_28_background.dat
21080729	/home/kei/class_unified_a10/output/phase2/p2_tmp_27_background.dat
21080729	/home/kei/class_unified_a10/output/phase2/p2_tmp_26_background.dat
21080729	/home/kei/class_unified_a10/output/phase2/p2_tmp_25_background.dat
21080729	/home/kei/class_unified_a10/output/phase2/p2_tmp_24_background.dat
21080729	/home/kei/class_unified_a10/output/phase2/p2_tmp_23_background.dat
21080729	/home/kei/class_unified_a10/output/phase2/p2_tmp_22_background.dat
21080729	/home/kei/class_unified_a10/output/phase2/p2_tmp_21_background.dat
21080729	/home/kei/class_unified_a10/output/phase2/p2_tmp_20_background.dat
21080729	/home/kei/class_unified_a10/output/phase2/p2_tmp_19_background.dat
21080729	/home/kei/class_unified_a10/output/phase2/p2_tmp_18_background.dat
21080729	/home/kei/class_unified_a10/output/phase2/p2_tmp_17_background.dat
21080729	/home/kei/class_unified_a10/output/phase2/p2_tmp_16_background.dat
21080729	/home/kei/class_unified_a10/output/phase2/p2_tmp_15_background.dat
21080729	/home/kei/class_unified_a10/output/phase2/p2_tmp_14_background.dat
21080729	/home/kei/class_unified_a10/output/phase2/p2_tmp_13_background.dat
21080729	/home/kei/class_unified_a10/output/phase2/p2_tmp_12_background.dat
21080729	/home/kei/class_unified_a10/output/phase2/p2_tmp_11_background.dat
21080729	/home/kei/class_unified_a10/output/phase2/p2_tmp_10_background.dat
21080729	/home/kei/class_unified_a10/output/phase2/p2_tmp_100_background.dat
21080729	/home/kei/class_unified_a10/output/phase2/p2_tmp_09_background.dat
21080729	/home/kei/class_unified_a10/output/phase2/p2_tmp_08_background.dat
21080729	/home/kei/class_unified_a10/output/phase2/p2_tmp_07_background.dat
21080729	/home/kei/class_unified_a10/output/phase2/p2_tmp_06_background.dat
21080729	/home/kei/class_unified_a10/output/phase2/p2_tmp_05_background.dat
21080729	/home/kei/class_unified_a10/output/phase2/p2_tmp_04_background.dat
21080729	/home/kei/class_unified_a10/output/phase2/p2_tmp_03_background.dat
21080729	/home/kei/class_unified_a10/output/phase2/p2_tmp_02_background.dat
21080729	/home/kei/class_unified_a10/output/phase2/p2_tmp_01_background.dat
21080729	/home/kei/class_unified_a10/output/phase2/p2_tmp_00_background.dat
21080729	/home/kei/class_unified_a10/output/phase2/lcdm_base_49_background.dat
21080729	/home/kei/class_unified_a10/output/phase2/lcdm_base_48_background.dat
21080729	/home/kei/class_unified_a10/output/phase2/lcdm_base_47_background.dat
21080729	/home/kei/class_unified_a10/output/phase2/lcdm_base_46_background.dat
21080729	/home/kei/class_unified_a10/output/phase2/lcdm_base_45_background.dat
21080729	/home/kei/class_unified_a10/output/phase2/lcdm_base_44_background.dat
21080729	/home/kei/class_unified_a10/output/phase2/lcdm_base_43_background.dat
21080729	/home/kei/class_unified_a10/output/phase2/lcdm_base_42_background.dat
21080729	/home/kei/class_unified_a10/output/phase2/lcdm_base_41_background.dat
21080729	/home/kei/class_unified_a10/output/phase2/lcdm_base_40_background.dat
21080729	/home/kei/class_unified_a10/output/phase2/lcdm_base_39_background.dat
21080729	/home/kei/class_unified_a10/output/phase2/lcdm_base_38_background.dat
21080729	/home/kei/class_unified_a10/output/phase2/lcdm_base_37_background.dat
21080729	/home/kei/class_unified_a10/output/phase2/lcdm_base_36_background.dat
21080729	/home/kei/class_unified_a10/output/phase2/lcdm_base_35_background.dat
21080729	/home/kei/class_unified_a10/output/phase2/lcdm_base_34_background.dat
21080729	/home/kei/class_unified_a10/output/phase2/lcdm_base_33_background.dat
21080729	/home/kei/class_unified_a10/output/phase2/lcdm_base_32_background.dat
21080729	/home/kei/class_unified_a10/output/phase2/lcdm_base_31_background.dat
21080729	/home/kei/class_unified_a10/output/phase2/lcdm_base_30_background.dat
21080729	/home/kei/class_unified_a10/output/phase2/lcdm_base_29_background.dat
21080729	/home/kei/class_unified_a10/output/phase2/lcdm_base_28_background.dat
21080729	/home/kei/class_unified_a10/output/phase2/lcdm_base_27_background.dat
21080729	/home/kei/class_unified_a10/output/phase2/lcdm_base_26_background.dat
21080729	/home/kei/class_unified_a10/output/phase2/lcdm_base_25_background.dat
21080729	/home/kei/class_unified_a10/output/phase2/lcdm_base_24_background.dat
21080729	/home/kei/class_unified_a10/output/phase2/lcdm_base_23_background.dat
21080729	/home/kei/class_unified_a10/output/phase2/lcdm_base_22_background.dat
21080729	/home/kei/class_unified_a10/output/phase2/lcdm_base_21_background.dat
21080729	/home/kei/class_unified_a10/output/phase2/lcdm_base_20_background.dat
21080729	/home/kei/class_unified_a10/output/phase2/lcdm_base_19_background.dat
21080729	/home/kei/class_unified_a10/output/phase2/lcdm_base_18_background.dat
21080729	/home/kei/class_unified_a10/output/phase2/lcdm_base_17_background.dat
21080729	/home/kei/class_unified_a10/output/phase2/lcdm_base_16_background.dat
21080729	/home/kei/class_unified_a10/output/phase2/lcdm_base_15_background.dat
21080729	/home/kei/class_unified_a10/output/phase2/lcdm_base_14_background.dat
21080729	/home/kei/class_unified_a10/output/phase2/lcdm_base_13_background.dat
21080729	/home/kei/class_unified_a10/output/phase2/lcdm_base_12_background.dat
21080729	/home/kei/class_unified_a10/output/phase2/lcdm_base_11_background.dat
21080729	/home/kei/class_unified_a10/output/phase2/lcdm_base_10_background.dat
21080729	/home/kei/class_unified_a10/output/phase2/lcdm_base_09_background.dat
21080729	/home/kei/class_unified_a10/output/phase2/lcdm_base_08_background.dat
21080729	/home/kei/class_unified_a10/output/phase2/lcdm_base_07_background.dat
21080729	/home/kei/class_unified_a10/output/phase2/lcdm_base_06_background.dat
21080729	/home/kei/class_unified_a10/output/phase2/lcdm_base_05_background.dat
21080729	/home/kei/class_unified_a10/output/phase2/lcdm_base_04_background.dat
21080729	/home/kei/class_unified_a10/output/phase2/lcdm_base_03_background.dat
21080729	/home/kei/class_unified_a10/output/phase2/lcdm_base_02_background.dat
21080729	/home/kei/class_unified_a10/output/phase2/lcdm_base_01_background.dat
21080729	/home/kei/class_unified_a10/output/phase2/lcdm_base_00_background.dat
21080729	/home/kei/class_unified_a10/output/mcmc_real/tmp_mcmc_99_background.dat
21080729	/home/kei/class_unified_a10/output/mcmc_real/tmp_mcmc_98_background.dat
21080729	/home/kei/class_unified_a10/output/mcmc_real/tmp_mcmc_97_background.dat
21080729	/home/kei/class_unified_a10/output/mcmc_real/tmp_mcmc_96_background.dat
21080729	/home/kei/class_unified_a10/output/mcmc_real/tmp_mcmc_95_background.dat
21080729	/home/kei/class_unified_a10/output/mcmc_real/tmp_mcmc_94_background.dat
21080729	/home/kei/class_unified_a10/output/mcmc_real/tmp_mcmc_93_background.dat
21080729	/home/kei/class_unified_a10/output/mcmc_real/tmp_mcmc_92_background.dat
21080729	/home/kei/class_unified_a10/output/mcmc_real/tmp_mcmc_91_background.dat
21080729	/home/kei/class_unified_a10/output/mcmc_real/tmp_mcmc_90_background.dat
21080729	/home/kei/class_unified_a10/output/mcmc_real/tmp_mcmc_89_background.dat
21080729	/home/kei/class_unified_a10/output/mcmc_real/tmp_mcmc_88_background.dat
21080729	/home/kei/class_unified_a10/output/mcmc_real/tmp_mcmc_87_background.dat
21080729	/home/kei/class_unified_a10/output/mcmc_real/tmp_mcmc_86_background.dat
21080729	/home/kei/class_unified_a10/output/mcmc_real/tmp_mcmc_85_background.dat
21080729	/home/kei/class_unified_a10/output/mcmc_real/tmp_mcmc_84_background.dat
21080729	/home/kei/class_unified_a10/output/mcmc_real/tmp_mcmc_83_background.dat
21080729	/home/kei/class_unified_a10/output/mcmc_real/tmp_mcmc_82_background.dat
21080729	/home/kei/class_unified_a10/output/mcmc_real/tmp_mcmc_81_background.dat
21080729	/home/kei/class_unified_a10/output/mcmc_real/tmp_mcmc_80_background.dat
21080729	/home/kei/class_unified_a10/output/mcmc_real/tmp_mcmc_79_background.dat
21080729	/home/kei/class_unified_a10/output/mcmc_real/tmp_mcmc_78_background.dat
21080729	/home/kei/class_unified_a10/output/mcmc_real/tmp_mcmc_77_background.dat
21080729	/home/kei/class_unified_a10/output/mcmc_real/tmp_mcmc_76_background.dat
21080729	/home/kei/class_unified_a10/output/mcmc_real/tmp_mcmc_75_background.dat
21080729	/home/kei/class_unified_a10/output/mcmc_real/tmp_mcmc_74_background.dat
21080729	/home/kei/class_unified_a10/output/mcmc_real/tmp_mcmc_73_background.dat
21080729	/home/kei/class_unified_a10/output/mcmc_real/tmp_mcmc_72_background.dat
21080729	/home/kei/class_unified_a10/output/mcmc_real/tmp_mcmc_71_background.dat
21080729	/home/kei/class_unified_a10/output/mcmc_real/tmp_mcmc_70_background.dat
21080729	/home/kei/class_unified_a10/output/mcmc_real/tmp_mcmc_69_background.dat
21080729	/home/kei/class_unified_a10/output/mcmc_real/tmp_mcmc_68_background.dat
21080729	/home/kei/class_unified_a10/output/mcmc_real/tmp_mcmc_67_background.dat
21080729	/home/kei/class_unified_a10/output/mcmc_real/tmp_mcmc_66_background.dat
21080729	/home/kei/class_unified_a10/output/mcmc_real/tmp_mcmc_65_background.dat
21080729	/home/kei/class_unified_a10/output/mcmc_real/tmp_mcmc_64_background.dat
21080729	/home/kei/class_unified_a10/output/mcmc_real/tmp_mcmc_63_background.dat
21080729	/home/kei/class_unified_a10/output/mcmc_real/tmp_mcmc_62_background.dat
21080729	/home/kei/class_unified_a10/output/mcmc_real/tmp_mcmc_61_background.dat
21080729	/home/kei/class_unified_a10/output/mcmc_real/tmp_mcmc_60_background.dat
21080729	/home/kei/class_unified_a10/output/mcmc_real/tmp_mcmc_59_background.dat
21080729	/home/kei/class_unified_a10/output/mcmc_real/tmp_mcmc_58_background.dat
21080729	/home/kei/class_unified_a10/output/mcmc_real/tmp_mcmc_57_background.dat
21080729	/home/kei/class_unified_a10/output/mcmc_real/tmp_mcmc_56_background.dat
21080729	/home/kei/class_unified_a10/output/mcmc_real/tmp_mcmc_55_background.dat
21080729	/home/kei/class_unified_a10/output/mcmc_real/tmp_mcmc_54_background.dat
21080729	/home/kei/class_unified_a10/output/mcmc_real/tmp_mcmc_53_background.dat
21080729	/home/kei/class_unified_a10/output/mcmc_real/tmp_mcmc_52_background.dat
21080729	/home/kei/class_unified_a10/output/mcmc_real/tmp_mcmc_51_background.dat
21080729	/home/kei/class_unified_a10/output/mcmc_real/tmp_mcmc_50_background.dat
21080729	/home/kei/class_unified_a10/output/mcmc_real/tmp_mcmc_49_background.dat
21080729	/home/kei/class_unified_a10/output/mcmc_real/tmp_mcmc_48_background.dat
21080729	/home/kei/class_unified_a10/output/mcmc_real/tmp_mcmc_47_background.dat
21080729	/home/kei/class_unified_a10/output/mcmc_real/tmp_mcmc_46_background.dat
21080729	/home/kei/class_unified_a10/output/mcmc_real/tmp_mcmc_45_background.dat
21080729	/home/kei/class_unified_a10/output/mcmc_real/tmp_mcmc_44_background.dat
21080729	/home/kei/class_unified_a10/output/mcmc_real/tmp_mcmc_43_background.dat
21080729	/home/kei/class_unified_a10/output/mcmc_real/tmp_mcmc_42_background.dat
21080729	/home/kei/class_unified_a10/output/mcmc_real/tmp_mcmc_41_background.dat
21080729	/home/kei/class_unified_a10/output/mcmc_real/tmp_mcmc_40_background.dat
21080729	/home/kei/class_unified_a10/output/mcmc_real/tmp_mcmc_39_background.dat
21080729	/home/kei/class_unified_a10/output/mcmc_real/tmp_mcmc_38_background.dat
21080729	/home/kei/class_unified_a10/output/mcmc_real/tmp_mcmc_37_background.dat
21080729	/home/kei/class_unified_a10/output/mcmc_real/tmp_mcmc_36_background.dat
21080729	/home/kei/class_unified_a10/output/mcmc_real/tmp_mcmc_35_background.dat
21080729	/home/kei/class_unified_a10/output/mcmc_real/tmp_mcmc_34_background.dat
21080729	/home/kei/class_unified_a10/output/mcmc_real/tmp_mcmc_33_background.dat
21080729	/home/kei/class_unified_a10/output/mcmc_real/tmp_mcmc_32_background.dat
21080729	/home/kei/class_unified_a10/output/mcmc_real/tmp_mcmc_31_background.dat
21080729	/home/kei/class_unified_a10/output/mcmc_real/tmp_mcmc_30_background.dat
21080729	/home/kei/class_unified_a10/output/mcmc_real/tmp_mcmc_29_background.dat
21080729	/home/kei/class_unified_a10/output/mcmc_real/tmp_mcmc_28_background.dat
21080729	/home/kei/class_unified_a10/output/mcmc_real/tmp_mcmc_27_background.dat
21080729	/home/kei/class_unified_a10/output/mcmc_real/tmp_mcmc_26_background.dat
21080729	/home/kei/class_unified_a10/output/mcmc_real/tmp_mcmc_25_background.dat
21080729	/home/kei/class_unified_a10/output/mcmc_real/tmp_mcmc_24_background.dat
21080729	/home/kei/class_unified_a10/output/mcmc_real/tmp_mcmc_23_background.dat
21080729	/home/kei/class_unified_a10/output/mcmc_real/tmp_mcmc_22_background.dat
21080729	/home/kei/class_unified_a10/output/mcmc_real/tmp_mcmc_21_background.dat
21080729	/home/kei/class_unified_a10/output/mcmc_real/tmp_mcmc_20_background.dat
21080729	/home/kei/class_unified_a10/output/mcmc_real/tmp_mcmc_19_background.dat
21080729	/home/kei/class_unified_a10/output/mcmc_real/tmp_mcmc_18_background.dat
21080729	/home/kei/class_unified_a10/output/mcmc_real/tmp_mcmc_17_background.dat
21080729	/home/kei/class_unified_a10/output/mcmc_real/tmp_mcmc_16_background.dat
21080729	/home/kei/class_unified_a10/output/mcmc_real/tmp_mcmc_15_background.dat
21080729	/home/kei/class_unified_a10/output/mcmc_real/tmp_mcmc_14_background.dat
21080729	/home/kei/class_unified_a10/output/mcmc_real/tmp_mcmc_13_background.dat
21080729	/home/kei/class_unified_a10/output/mcmc_real/tmp_mcmc_12_background.dat
21080729	/home/kei/class_unified_a10/output/mcmc_real/tmp_mcmc_11_background.dat
21080729	/home/kei/class_unified_a10/output/mcmc_real/tmp_mcmc_10_background.dat
21080729	/home/kei/class_unified_a10/output/mcmc_real/tmp_mcmc_100_background.dat
21080729	/home/kei/class_unified_a10/output/mcmc_real/tmp_mcmc_09_background.dat
21080729	/home/kei/class_unified_a10/output/mcmc_real/tmp_mcmc_08_background.dat
21080729	/home/kei/class_unified_a10/output/mcmc_real/tmp_mcmc_07_background.dat
21080729	/home/kei/class_unified_a10/output/mcmc_real/tmp_mcmc_06_background.dat
21080729	/home/kei/class_unified_a10/output/mcmc_real/tmp_mcmc_05_background.dat
21080729	/home/kei/class_unified_a10/output/mcmc_real/tmp_mcmc_04_background.dat
21080729	/home/kei/class_unified_a10/output/mcmc_real/tmp_mcmc_03_background.dat
21080729	/home/kei/class_unified_a10/output/mcmc_real/tmp_mcmc_02_background.dat
21080729	/home/kei/class_unified_a10/output/mcmc_real/tmp_mcmc_01_background.dat
21080729	/home/kei/class_unified_a10/output/mcmc_real/tmp_mcmc_00_background.dat
21080729	/home/kei/class_unified_a10/output/k_2.0_00_background.dat
21080729	/home/kei/class_unified_a10/output/k_1.0_00_background.dat
21080729	/home/kei/class_unified_a10/output/k_0.0_00_background.dat
21080729	/home/kei/class_unified_a10/output/grand_history/Reference_(Standard_LCDM)_00_background.dat
21080729	/home/kei/class_unified_a10/output/grand_history/A10_Theory_(Best-fit)_00_background.dat
21080729	/home/kei/class_unified_a10/output/cmb/cmb_H73.0_k3.0_00_background.dat
21080729	/home/kei/class_unified_a10/output/cmb/cmb_H67.5_k0.0_00_background.dat
21080729	/home/kei/class_unified_a10/output/cmb/cmb_H66.0_k1.0_00_background.dat
21080729	/home/kei/class_unified_a10/output/a10_test_21_background.dat
21080729	/home/kei/class_unified_a10/output/a10_test_20_background.dat
21080729	/home/kei/class_unified_a10/output/a10_test_19_background.dat
21080729	/home/kei/class_unified_a10/output/A10_COMP_k2.0_00_background.dat
21080729	/home/kei/class_unified_a10/output/A10_COMP_k1.0_00_background.dat
21080729	/home/kei/class_unified_a10/output/A10_COMP_k0.0_00_background.dat
21080729	/home/kei/class_unified_a10/a10_test_00_background.dat
15750043	/home/kei/class_unified_a10/a10_mcmc_chain_sim.txt
15452688	/home/kei/class_unified_a10/a10_env/lib/python3.12/site-packages/classy/_classy.cpython-312-x86_64-linux-gnu.so
15452360	/home/kei/class_unified_a10/_classy.cpython-312-x86_64-linux-gnu.so
15427096	/home/kei/class_unified_a10/packages/code/classy/_classy.cpython-312-x86_64-linux-gnu.so
12087118	/home/kei/class_unified_a10/packages/data/sn_data/Pantheon/sys_full_long.txt
11689930	/home/kei/class_unified_a10/packages/code/classy/external/distortions/Greens_data.dat
11689930	/home/kei/class_unified_a10/external/distortions/Greens_data.dat
11689930	/home/kei/class_unified_a10/a10_env/lib/python3.12/site-packages/classy/external/distortions/Greens_data.dat
10088988	/home/kei/class_unified_a10/packages/data/sn_data/JLA/jla_vab_covmatrix.dat
10031226	/home/kei/class_unified_a10/packages/data/sn_data/JLA/jla_v0a_covmatrix.dat
9980965	/home/kei/class_unified_a10/packages/data/sn_data/JLA/jla_va_covmatrix.dat
9935984	/home/kei/class_unified_a10/class
9909968	/home/kei/class_unified_a10/packages/code/classy/class
9858802	/home/kei/class_unified_a10/packages/data/sn_data/JLA/jla_vb_covmatrix.dat
9799920	/home/kei/class_unified_a10/packages/data/sn_data/JLA/jla_v0b_covmatrix.dat
