841980762	/home/kei/class_public_broken/.git/objects/pack/pack-614b7970677217703b1be58ab527b070d88dc5c7.pack
25080829	/home/kei/class_public_broken/output/explanatory43_background.dat
25080829	/home/kei/class_public_broken/output/explanatory42_background.dat
25080829	/home/kei/class_public_broken/output/explanatory41_background.dat
25080829	/home/kei/class_public_broken/output/explanatory40_background.dat
25080829	/home/kei/class_public_broken/output/explanatory37_background.dat
25080829	/home/kei/class_public_broken/output/explanatory36_background.dat
25080829	/home/kei/class_public_broken/output/explanatory35_background.dat
25080829	/home/kei/class_public_broken/output/explanatory34_background.dat
25080829	/home/kei/class_public_broken/output/explanatory32_background.dat
25080829	/home/kei/class_public_broken/output/explanatory31_background.dat
25080829	/home/kei/class_public_broken/output/explanatory30_background.dat
25080829	/home/kei/class_public_broken/output/explanatory24_background.dat
25080829	/home/kei/class_public_broken/output/explanatory23_background.dat
25080829	/home/kei/class_public_broken/output/explanatory22_background.dat
25080829	/home/kei/class_public_broken/output/explanatory21_background.dat
25080829	/home/kei/class_public_broken/output/explanatory20_background.dat
25080829	/home/kei/class_public_broken/output/explanatory19_background.dat
25080829	/home/kei/class_public_broken/output/explanatory18_background.dat
25080829	/home/kei/class_public_broken/output/explanatory17_background.dat
25080829	/home/kei/class_public_broken/output/explanatory16_background.dat
25080829	/home/kei/class_public_broken/output/explanatory15_background.dat
25080829	/home/kei/class_public_broken/output/explanatory14_background.dat
25080829	/home/kei/class_public_broken/output/explanatory13_background.dat
25080829	/home/kei/class_public_broken/output/YOSHIMURA_TEST_03_background.dat
25080829	/home/kei/class_public_broken/output/YOSHIMURA_TEST_02_background.dat
25080829	/home/kei/class_public_broken/output/YOSHIMURA_TEST_01_background.dat
23080779	/home/kei/class_public_broken/A10_test_result_final_01_background.dat
21187074	/home/kei/class_public_broken/libclass.a
21080729	/home/kei/class_public_broken/output/test_01_background.dat
21080729	/home/kei/class_public_broken/output/test_00_background.dat
21080729	/home/kei/class_public_broken/output/explanatory26_background.dat
21080729	/home/kei/class_public_broken/output/explanatory25_background.dat
11689930	/home/kei/class_public_broken/external/distortions/Greens_data.dat
9919360	/home/kei/class_public_broken/class
9916096	/home/kei/class_public_broken/plot_test/class
5196968	/home/kei/class_public_broken/build/lensing.opp
3991252	/home/kei/class_public_broken/python/classy.cpp
2402880	/home/kei/class_public_broken/build/perturbations.opp
1848912	/home/kei/class_public_broken/build/hyperspherical.opp
1662928	/home/kei/class_public_broken/build/transfer.opp
1568056	/home/kei/class_public_broken/build/hmcode.opp
1567560	/home/kei/class_public_broken/build/arrays.opp
1492768	/home/kei/class_public_broken/build/primordial.opp
1387352	/home/kei/class_public_broken/build/harmonic.opp
1324752	/home/kei/class_public_broken/build/input.o
1069275	/home/kei/class_public_broken/doc/manual/CLASS_MANUAL.pdf
878508	/home/kei/class_public_broken/.git/objects/pack/pack-614b7970677217703b1be58ab527b070d88dc5c7.idx
689003	/home/kei/class_public_broken/external/bbn/sBBN_2025.dat
546507	/home/kei/class_public_broken/plot_test/std_03_cl.dat
546507	/home/kei/class_public_broken/plot_test/std_02_cl.dat
546507	/home/kei/class_public_broken/output/yoshimura_04_cl.dat
546507	/home/kei/class_public_broken/output/yoshimura_03_cl.dat
546507	/home/kei/class_public_broken/output/yoshimura_00_cl.dat
546507	/home/kei/class_public_broken/output/lcdm_07_cl.dat
546507	/home/kei/class_public_broken/output/lcdm_06_cl.dat
546507	/home/kei/class_public_broken/output/lcdm_00_cl.dat
546507	/home/kei/class_public_broken/output/explanatory32_cl.dat
546507	/home/kei/class_public_broken/output/explanatory31_cl.dat
546507	/home/kei/class_public_broken/output/explanatory30_cl.dat
546507	/home/kei/class_public_broken/output/explanatory29_cl.dat
546507	/home/kei/class_public_broken/output/explanatory28_cl.dat
546507	/home/kei/class_public_broken/output/explanatory27_cl.dat
546507	/home/kei/class_public_broken/output/explanatory26_cl.dat
546507	/home/kei/class_public_broken/output/explanatory25_cl.dat
546507	/home/kei/class_public_broken/output/explanatory24_cl.dat
546507	/home/kei/class_public_broken/output/explanatory23_cl.dat
546507	/home/kei/class_public_broken/output/explanatory22_cl.dat
546507	/home/kei/class_public_broken/output/explanatory21_cl.dat
546507	/home/kei/class_public_broken/output/explanatory20_cl.dat
546507	/home/kei/class_public_broken/output/explanatory19_cl.dat
546507	/home/kei/class_public_broken/output/explanatory18_cl.dat
546507	/home/kei/class_public_broken/output/explanatory17_cl.dat
546507	/home/kei/class_public_broken/output/explanatory16_cl.dat
546507	/home/kei/class_public_broken/output/explanatory15_cl.dat
546507	/home/kei/class_public_broken/output/explanatory14_cl.dat
546507	/home/kei/class_public_broken/output/explanatory13_cl.dat
546507	/home/kei/class_public_broken/output/A10_test_00_cl.dat
546507	/home/kei/class_public_broken/output/A10_test_00_00_cl.dat
455514	/home/kei/class_public_broken/plot_test/std_03_cl_lensed.dat
455514	/home/kei/class_public_broken/plot_test/std_02_cl_lensed.dat
455514	/home/kei/class_public_broken/output/yoshimura_04_cl_lensed.dat
455514	/home/kei/class_public_broken/output/yoshimura_03_cl_lensed.dat
455514	/home/kei/class_public_broken/output/yoshimura_00_cl_lensed.dat
455514	/home/kei/class_public_broken/output/lcdm_07_cl_lensed.dat
455514	/home/kei/class_public_broken/output/lcdm_06_cl_lensed.dat
455514	/home/kei/class_public_broken/output/lcdm_00_cl_lensed.dat
455514	/home/kei/class_public_broken/output/explanatory32_cl_lensed.dat
455514	/home/kei/class_public_broken/output/explanatory31_cl_lensed.dat
455514	/home/kei/class_public_broken/output/explanatory30_cl_lensed.dat
455514	/home/kei/class_public_broken/output/explanatory29_cl_lensed.dat
455514	/home/kei/class_public_broken/output/explanatory28_cl_lensed.dat
455514	/home/kei/class_public_broken/output/explanatory27_cl_lensed.dat
455514	/home/kei/class_public_broken/output/explanatory26_cl_lensed.dat
455514	/home/kei/class_public_broken/output/explanatory25_cl_lensed.dat
455514	/home/kei/class_public_broken/output/explanatory24_cl_lensed.dat
455514	/home/kei/class_public_broken/output/explanatory23_cl_lensed.dat
455514	/home/kei/class_public_broken/output/explanatory22_cl_lensed.dat
455514	/home/kei/class_public_broken/output/explanatory21_cl_lensed.dat
455514	/home/kei/class_public_broken/output/explanatory20_cl_lensed.dat
455514	/home/kei/class_public_broken/output/explanatory19_cl_lensed.dat
455514	/home/kei/class_public_broken/output/explanatory18_cl_lensed.dat
455514	/home/kei/class_public_broken/output/explanatory17_cl_lensed.dat
455514	/home/kei/class_public_broken/output/explanatory16_cl_lensed.dat
455514	/home/kei/class_public_broken/output/explanatory15_cl_lensed.dat
455514	/home/kei/class_public_broken/output/explanatory14_cl_lensed.dat
455514	/home/kei/class_public_broken/output/explanatory13_cl_lensed.dat
455514	/home/kei/class_public_broken/output/A10_test_00_cl_lensed.dat
455514	/home/kei/class_public_broken/output/A10_test_00_00_cl_lensed.dat
455507	/home/kei/class_public_broken/yoshi_03_cl.dat
455507	/home/kei/class_public_broken/yoshi_02_cl.dat
455507	/home/kei/class_public_broken/yoshi_01_cl.dat
455507	/home/kei/class_public_broken/yoshi_00_cl.dat
455507	/home/kei/class_public_broken/std_03_cl.dat
455507	/home/kei/class_public_broken/std_02_cl.dat
455507	/home/kei/class_public_broken/std_01_cl.dat
455507	/home/kei/class_public_broken/std_00_cl.dat
455507	/home/kei/class_public_broken/plot_test/yoshi_a9_00_cl.dat
455507	/home/kei/class_public_broken/plot_test/yoshi_a8_01_cl.dat
455507	/home/kei/class_public_broken/plot_test/yoshi_a8_00_cl.dat
455507	/home/kei/class_public_broken/plot_test/yoshi_a7_01_cl.dat
455507	/home/kei/class_public_broken/plot_test/yoshi_a7_00_cl.dat
455507	/home/kei/class_public_broken/plot_test/yoshi_a6_00_cl.dat
455507	/home/kei/class_public_broken/plot_test/yoshi_a5_00_cl.dat
455507	/home/kei/class_public_broken/plot_test/yoshi_a4_01_cl.dat
455507	/home/kei/class_public_broken/plot_test/yoshi_a4_00_cl.dat
455507	/home/kei/class_public_broken/plot_test/yoshi_a3_00_cl.dat
455507	/home/kei/class_public_broken/plot_test/yoshi_a2_01_cl.dat
455507	/home/kei/class_public_broken/plot_test/yoshi_a2_00_cl.dat
455507	/home/kei/class_public_broken/plot_test/yoshi_a10_00_cl.dat
455507	/home/kei/class_public_broken/plot_test/yoshi_00_cl.dat
455507	/home/kei/class_public_broken/plot_test/std_01_cl.dat
455507	/home/kei/class_public_broken/plot_test/std_00_cl.dat
455507	/home/kei/class_public_broken/output/yoshimura_06_cl.dat
455507	/home/kei/class_public_broken/output/yoshimura_05_cl.dat
455507	/home/kei/class_public_broken/output/yoshimura_02_cl.dat
455507	/home/kei/class_public_broken/output/yoshimura_01_cl.dat
455507	/home/kei/class_public_broken/output/yoshi_08_cl.dat
455507	/home/kei/class_public_broken/output/yoshi_07_cl.dat
455507	/home/kei/class_public_broken/output/yoshi_06_cl.dat
455507	/home/kei/class_public_broken/output/yoshi_05_cl.dat
455507	/home/kei/class_public_broken/output/yoshi_04_cl.dat
455507	/home/kei/class_public_broken/output/yoshi_03_cl.dat
455507	/home/kei/class_public_broken/output/yoshi_02_cl.dat
455507	/home/kei/class_public_broken/output/yoshi_01_cl.dat
455507	/home/kei/class_public_broken/output/yoshi_00_cl.dat
455507	/home/kei/class_public_broken/output/std_09_cl.dat
455507	/home/kei/class_public_broken/output/std_08_cl.dat
455507	/home/kei/class_public_broken/output/std_07_cl.dat
455507	/home/kei/class_public_broken/output/std_06_cl.dat
455507	/home/kei/class_public_broken/output/std_05_cl.dat
455507	/home/kei/class_public_broken/output/std_04_cl.dat
455507	/home/kei/class_public_broken/output/std_03_cl.dat
455507	/home/kei/class_public_broken/output/std_02_cl.dat
455507	/home/kei/class_public_broken/output/std_01_cl.dat
455507	/home/kei/class_public_broken/output/std_00_cl.dat
455507	/home/kei/class_public_broken/output/my_theory22_cl.dat
455507	/home/kei/class_public_broken/output/my_theory21_cl.dat
455507	/home/kei/class_public_broken/output/my_theory20_cl.dat
455507	/home/kei/class_public_broken/output/my_theory19_cl.dat
455507	/home/kei/class_public_broken/output/my_theory18_cl.dat
455507	/home/kei/class_public_broken/output/my_theory17_cl.dat
455507	/home/kei/class_public_broken/output/my_theory16_cl.dat
455507	/home/kei/class_public_broken/output/my_theory15_cl.dat
455507	/home/kei/class_public_broken/output/my_theory14_cl.dat
455507	/home/kei/class_public_broken/output/my_theory13_cl.dat
455507	/home/kei/class_public_broken/output/my_theory12_cl.dat
455507	/home/kei/class_public_broken/output/my_theory11_cl.dat
455507	/home/kei/class_public_broken/output/my_theory10_cl.dat
455507	/home/kei/class_public_broken/output/my_theory09_cl.dat
455507	/home/kei/class_public_broken/output/my_theory08_cl.dat
455507	/home/kei/class_public_broken/output/my_theory07_cl.dat
455507	/home/kei/class_public_broken/output/my_theory06_cl.dat
455507	/home/kei/class_public_broken/output/my_theory05_cl.dat
455507	/home/kei/class_public_broken/output/my_theory04_cl.dat
455507	/home/kei/class_public_broken/output/my_theory03_cl.dat
455507	/home/kei/class_public_broken/output/my_theory02_cl.dat
455507	/home/kei/class_public_broken/output/my_theory01_cl.dat
455507	/home/kei/class_public_broken/output/my_theory00_cl.dat
455507	/home/kei/class_public_broken/output/lcdm_12_cl.dat
455507	/home/kei/class_public_broken/output/lcdm_11_cl.dat
455507	/home/kei/class_public_broken/output/lcdm_10_cl.dat
455507	/home/kei/class_public_broken/output/lcdm_09_cl.dat
455507	/home/kei/class_public_broken/output/lcdm_08_cl.dat
455507	/home/kei/class_public_broken/output/lcdm_05_cl.dat
455507	/home/kei/class_public_broken/output/lcdm_04_cl.dat
455507	/home/kei/class_public_broken/output/lcdm_03_cl.dat
455507	/home/kei/class_public_broken/output/lcdm_02_cl.dat
455507	/home/kei/class_public_broken/output/lcdm_01_cl.dat
422469	/home/kei/class_public_broken/source/perturbations.c
405392	/home/kei/class_public_broken/build/thermodynamics.o
382640	/home/kei/class_public_broken/build/output.o
366893	/home/kei/class_public_broken/external/HyRec2020/output_xe.dat
301280	/home/kei/class_public_broken/build/distortions.o
288720	/home/kei/class_public_broken/build/fourier.o
284952	/home/kei/class_public_broken/build/background.o
272000	/home/kei/class_public_broken/external/HyRec2020/Alpha_inf.dat
238719	/home/kei/class_public_broken/source/input.c
209606	/home/kei/class_public_broken/source/thermodynamics.c
205033	/home/kei/class_public_broken/source/transfer.c
191960	/home/kei/class_public_broken/external/HyRec2020/readme.pdf
191829	/home/kei/class_public_broken/doc/input/latex/class.pdf
176180	/home/kei/class_public_broken/python/classy.pyx
170088	/home/kei/class_public_broken/build/evolver_ndf15.o
169688	/home/kei/class_public_broken/build/injection.o
131600	/home/kei/class_public_broken/source/primordial.c
129176	/home/kei/class_public_broken/build/history.o
125400	/home/kei/class_public_broken/.git/objects/pack/pack-614b7970677217703b1be58ab527b070d88dc5c7.rev
123272	/home/kei/class_public_broken/build/hydrogen.o
121977	/home/kei/class_public_broken/source/background.c
119669	/home/kei/class_public_broken/my_backup.txt
113220	/home/kei/class_public_broken/doc/input/doxyconf
106664	/home/kei/class_public_broken/source/fourier.c
105007	/home/kei/class_public_broken/plot_test/yoshimura_results/yoshimura_legacy.png
105007	/home/kei/class_public_broken/plot_test/yoshimura_legacy.png
105007	/home/kei/class_public_broken/plot_test/yoshimura_jxiv_submission/Figure2_Legacy_Comparison.png
103192	/home/kei/class_public_broken/build/quadrature.o
103017	/home/kei/class_public_broken/external/HyRec2020/two_photon_tables_hires.dat
101528	/home/kei/class_public_broken/build/halofit.o
99344	/home/kei/class_public_broken/external/bbn/sBBN_2025_primat.dat
99006	/home/kei/class_public_broken/external/HMcode/hmcode.c
98418	/home/kei/class_public_broken/external/external_Pk/Pk_example_w_tensors.dat
96232	/home/kei/class_public_broken/build/noninjection.o
94799	/home/kei/class_public_broken/tools/arrays.c
92560	/home/kei/class_public_broken/build/parser.o
89432	/home/kei/class_public_broken/build/class.o
81932	/home/kei/class_public_broken/plot_test/yoshimura_a8_final.png
80729	/home/kei/class_public_broken/output/test_34_background.dat
80729	/home/kei/class_public_broken/output/test_33_background.dat
80729	/home/kei/class_public_broken/output/test_32_background.dat
80729	/home/kei/class_public_broken/output/test_31_background.dat
80729	/home/kei/class_public_broken/output/test_30_background.dat
80729	/home/kei/class_public_broken/output/test_29_background.dat
80729	/home/kei/class_public_broken/output/test_28_background.dat
80729	/home/kei/class_public_broken/output/test_27_background.dat
80729	/home/kei/class_public_broken/output/test_26_background.dat
80729	/home/kei/class_public_broken/output/test_25_background.dat
80729	/home/kei/class_public_broken/output/test_24_background.dat
80729	/home/kei/class_public_broken/output/test_23_background.dat
80729	/home/kei/class_public_broken/output/test_22_background.dat
80729	/home/kei/class_public_broken/output/test_21_background.dat
80729	/home/kei/class_public_broken/output/test_20_background.dat
80729	/home/kei/class_public_broken/output/test_19_background.dat
80729	/home/kei/class_public_broken/output/test_18_background.dat
80729	/home/kei/class_public_broken/output/test_17_background.dat
80729	/home/kei/class_public_broken/output/test_16_background.dat
80729	/home/kei/class_public_broken/output/test_15_background.dat
80729	/home/kei/class_public_broken/output/test_14_background.dat
80729	/home/kei/class_public_broken/output/test_13_background.dat
80729	/home/kei/class_public_broken/output/test_12_background.dat
80729	/home/kei/class_public_broken/output/test_11_background.dat
80729	/home/kei/class_public_broken/output/test_10_background.dat
80729	/home/kei/class_public_broken/output/test_09_background.dat
80729	/home/kei/class_public_broken/output/test_08_background.dat
80729	/home/kei/class_public_broken/output/test_07_background.dat
80729	/home/kei/class_public_broken/output/test_06_background.dat
80729	/home/kei/class_public_broken/output/test_05_background.dat
80729	/home/kei/class_public_broken/output/test_04_background.dat
80729	/home/kei/class_public_broken/output/test_03_background.dat
80729	/home/kei/class_public_broken/output/test_02_background.dat
80729	/home/kei/class_public_broken/output/my_theory22_background.dat
80729	/home/kei/class_public_broken/output/my_theory04_background.dat
80729	/home/kei/class_public_broken/output/my_theory03_background.dat
80729	/home/kei/class_public_broken/output/my_theory02_background.dat
80729	/home/kei/class_public_broken/output/my_theory01_background.dat
80729	/home/kei/class_public_broken/output/my_theory00_background.dat
80285	/home/kei/class_public_broken/output/explanatory43_cl.dat
80285	/home/kei/class_public_broken/output/explanatory42_cl.dat
80285	/home/kei/class_public_broken/output/explanatory41_cl.dat
80285	/home/kei/class_public_broken/output/explanatory40_cl.dat
80285	/home/kei/class_public_broken/output/explanatory37_cl.dat
80285	/home/kei/class_public_broken/output/explanatory36_cl.dat
80285	/home/kei/class_public_broken/output/explanatory35_cl.dat
80285	/home/kei/class_public_broken/output/explanatory34_cl.dat
80285	/home/kei/class_public_broken/output/A10_test_final_19_cl.dat
80285	/home/kei/class_public_broken/output/A10_test_final_18_cl.dat
80285	/home/kei/class_public_broken/output/A10_test_final_17_cl.dat
80285	/home/kei/class_public_broken/output/A10_test_final_16_cl.dat
80285	/home/kei/class_public_broken/output/A10_test_final_15_cl.dat
80285	/home/kei/class_public_broken/output/A10_test_final_14_cl.dat
80285	/home/kei/class_public_broken/A10_test_result_00_cl.dat
80218	/home/kei/class_public_broken/doc/input/latex/class.synctex.gz
77788	/home/kei/class_public_broken/plot_test/final_showdown.png
75970	/home/kei/class_public_broken/plot_test/yoshimura_victory.png
75101	/home/kei/class_public_broken/plot_test/yoshimura_a7_comparison.png
73823	/home/kei/class_public_broken/source/distortions.c
72424	/home/kei/class_public_broken/build/wrap_recfast.o
69591	/home/kei/class_public_broken/yoshimura_A10.ini
69348	/home/kei/class_public_broken/plot_test/yoshimura_a9_physics.png
69240	/home/kei/class_public_broken/explanatory.ini
68288	/home/kei/class_public_broken/source/output.c
67580	/home/kei/class_public_broken/source/harmonic.c
67160	/home/kei/class_public_broken/plot_test/yoshimura_paper_final/fig1_cmb.png
67160	/home/kei/class_public_broken/plot_test/yoshimura_jxiv_submission/Figure1_CMB_Fit.png
67160	/home/kei/class_public_broken/plot_test/yoshimura_a10_full_physics.png
66987	/home/kei/class_public_broken/output/A10_test_final_19_tk.dat
66987	/home/kei/class_public_broken/output/A10_test_final_18_tk.dat
66987	/home/kei/class_public_broken/output/A10_test_final_17_tk.dat
66987	/home/kei/class_public_broken/output/A10_test_final_16_tk.dat
66987	/home/kei/class_public_broken/A10_test_result_00_tk.dat
65944	/home/kei/class_public_broken/build/sparse.o
65065	/home/kei/class_public_broken/plot_test/a4_comparison.png
64985	/home/kei/class_public_broken/plot_test/yoshimura_a6_victory.png
64926	/home/kei/class_public_broken/external/external_Pk/Pk_example.dat
62694	/home/kei/class_public_broken/plot_test/yoshimura_paper_final/yoshimura_A10_final_submission.zip
60016	/home/kei/class_public_broken/build/wrap_hyrec.o
59566	/home/kei/class_public_broken/tools/hyperspherical.c
59241	/home/kei/class_public_broken/source/lensing.c
55817	/home/kei/class_public_broken/external/heating/injection.c
54789	/home/kei/class_public_broken/external/RealSpaceInterface/static/fonts/open-iconic/font/fonts/open-iconic.svg
54402	/home/kei/class_public_broken/tools/evolver_ndf15.c
54037	/home/kei/class_public_broken/plot_test/evolution_result.png
53376	/home/kei/class_public_broken/external/distortions/FIRAS_branching_ratios.dat
53263	/home/kei/class_public_broken/external/distortions/PIXIE_branching_ratios.dat
51682	/home/kei/class_public_broken/external/RealSpaceInterface/static/js/RSI.js
50339	/home/kei/class_public_broken/plot_test/comparison_result.png
50189	/home/kei/class_public_broken/include/perturbations.h
49580	/home/kei/class_public_broken/plot_test/yoshimura_paper_final/fig2_kernel.png
47473	/home/kei/class_public_broken/yoshimura_theory_plot.png
46627	/home/kei/class_public_broken/external/HyRec2020/hydrogen.c
46089	/home/kei/class_public_broken/external/HyRec2020/history.c
43736	/home/kei/class_public_broken/build/dei_rkck.o
40186	/home/kei/class_public_broken/include/precisions.h
34358	/home/kei/class_public_broken/include/thermodynamics.h
34191	/home/kei/class_public_broken/include/transfer.h
33888	/home/kei/class_public_broken/external/RealSpaceInterface/static/js/sockjs.min.js
32144	/home/kei/class_public_broken/build/energy_injection.o
30358	/home/kei/class_public_broken/.git/index
30259	/home/kei/class_public_broken/doc/input/latex/class.tex
30168	/home/kei/class_public_broken/build/hyrectools.o
29084	/home/kei/class_public_broken/output/explanatory32_pk.dat
29084	/home/kei/class_public_broken/output/explanatory31_pk.dat
29084	/home/kei/class_public_broken/output/explanatory30_pk.dat
29084	/home/kei/class_public_broken/output/explanatory29_pk.dat
29084	/home/kei/class_public_broken/output/explanatory28_pk.dat
29084	/home/kei/class_public_broken/output/explanatory27_pk.dat
29084	/home/kei/class_public_broken/output/explanatory26_pk.dat
29084	/home/kei/class_public_broken/output/explanatory25_pk.dat
29084	/home/kei/class_public_broken/output/explanatory24_pk.dat
29084	/home/kei/class_public_broken/output/explanatory23_pk.dat
29084	/home/kei/class_public_broken/output/explanatory22_pk.dat
29084	/home/kei/class_public_broken/output/explanatory21_pk.dat
29084	/home/kei/class_public_broken/output/explanatory20_pk.dat
29084	/home/kei/class_public_broken/output/explanatory19_pk.dat
29084	/home/kei/class_public_broken/output/explanatory18_pk.dat
29084	/home/kei/class_public_broken/output/explanatory17_pk.dat
29084	/home/kei/class_public_broken/output/explanatory16_pk.dat
29084	/home/kei/class_public_broken/output/explanatory15_pk.dat
29084	/home/kei/class_public_broken/output/explanatory14_pk.dat
29084	/home/kei/class_public_broken/output/explanatory13_pk.dat
28980	/home/kei/class_public_broken/output/A10_test_00_pk.dat
28980	/home/kei/class_public_broken/output/A10_test_00_00_pk.dat
28444	/home/kei/class_public_broken/python/test_class.py
28420	/home/kei/class_public_broken/doc/input/chap3.md
28196	/home/kei/class_public_broken/external/RealSpaceInterface/static/fonts/open-iconic/font/fonts/open-iconic.eot
28028	/home/kei/class_public_broken/external/RealSpaceInterface/static/fonts/open-iconic/font/fonts/open-iconic.ttf
27784	/home/kei/class_public_broken/output/my_theory09_pk.dat
27784	/home/kei/class_public_broken/output/my_theory07_pk.dat
27784	/home/kei/class_public_broken/output/my_theory06_pk.dat
27784	/home/kei/class_public_broken/output/my_theory05_pk.dat
27784	/home/kei/class_public_broken/output/my_theory03_pk.dat
27784	/home/kei/class_public_broken/output/my_theory01_pk.dat
27784	/home/kei/class_public_broken/output/my_theory00_pk.dat
27783	/home/kei/class_public_broken/output/my_theory04_pk.dat
27783	/home/kei/class_public_broken/output/my_theory02_pk.dat
27782	/home/kei/class_public_broken/output/my_theory08_pk.dat
27744	/home/kei/class_public_broken/build/helium.o
27732	/home/kei/class_public_broken/output/my_theory22_pk.dat
27732	/home/kei/class_public_broken/output/my_theory21_pk.dat
27732	/home/kei/class_public_broken/output/my_theory20_pk.dat
27732	/home/kei/class_public_broken/output/my_theory18_pk.dat
27732	/home/kei/class_public_broken/output/my_theory17_pk.dat
27732	/home/kei/class_public_broken/output/my_theory16_pk.dat
27732	/home/kei/class_public_broken/output/my_theory15_pk.dat
27732	/home/kei/class_public_broken/output/my_theory14_pk.dat
27732	/home/kei/class_public_broken/output/my_theory13_pk.dat
27732	/home/kei/class_public_broken/output/my_theory12_pk.dat
27732	/home/kei/class_public_broken/output/my_theory11_pk.dat
27732	/home/kei/class_public_broken/output/my_theory10_pk.dat
27731	/home/kei/class_public_broken/output/my_theory19_pk.dat
27511	/home/kei/class_public_broken/external/RealSpaceInterface/static/js/simulation.js
27420	/home/kei/class_public_broken/output/A10_test_final_19_pk.dat
27420	/home/kei/class_public_broken/output/A10_test_final_18_pk.dat
27420	/home/kei/class_public_broken/output/A10_test_final_17_pk.dat
27420	/home/kei/class_public_broken/output/A10_test_final_16_pk.dat
27420	/home/kei/class_public_broken/output/A10_test_final_15_pk.dat
27420	/home/kei/class_public_broken/output/A10_test_final_14_pk.dat
27420	/home/kei/class_public_broken/A10_test_result_00_pk.dat
27257	/home/kei/class_public_broken/include/background.h
25735	/home/kei/class_public_broken/include/input.h
25191	/home/kei/class_public_broken/external/HyRec2020/two_photon_tables.dat
25078	/home/kei/class_public_broken/tools/quadrature.c
24172	/home/kei/class_public_broken/include/common.h
23632	/home/kei/class_public_broken/build/trigonometric_integrals.o
22565	/home/kei/class_public_broken/CPU.py
22113	/home/kei/class_public_broken/include/primordial.h
22019	/home/kei/class_public_broken/notebooks/Growth_with_w.ipynb
21904	/home/kei/class_public_broken/build/growTable.o
21554	/home/kei/class_public_broken/tools/parser.c
21032	/home/kei/class_public_broken/build/evolver_rkck.o
20996	/home/kei/class_public_broken/external/RealSpaceInterface/static/fonts/open-iconic/font/fonts/open-iconic.otf
20357	/home/kei/class_public_broken/external/Halofit/halofit.c
20191	/home/kei/class_public_broken/python/interface_generator.py
20017	/home/kei/class_public_broken/cpp/ClassEngine.cc
19613	/home/kei/class_public_broken/CLASS_rename.py
19542	/home/kei/class_public_broken/external/RealSpaceInterface/static/js/jquery.flot.axislabels.js
19510	/home/kei/class_public_broken/include/fourier.h
17848	/home/kei/class_public_broken/build/common.o
17797	/home/kei/class_public_broken/external/HyRec2020/fit_swift.dat
17037	/home/kei/class_public_broken/external/RealSpaceInterface/static/threejs/controls/OrbitControls.js
16856	/home/kei/class_public_broken/scripts/Growth_with_w.py
16702	/home/kei/class_public_broken/external/RealSpaceInterface/static/fonts/open-iconic/font/css/open-iconic-foundation.scss
16686	/home/kei/class_public_broken/external/RealSpaceInterface/static/fonts/open-iconic/font/css/open-iconic-foundation.less
16636	/home/kei/class_public_broken/external/RealSpaceInterface/static/js/gif.worker.js
16583	/home/kei/class_public_broken/external/RealSpaceInterface/static/fonts/open-iconic/font/css/open-iconic-foundation.css
16290	/home/kei/class_public_broken/python/cclassy.pxd
15164	/home/kei/class_public_broken/external/RealSpaceInterface/static/fonts/open-iconic/font/css/open-iconic-foundation.styl
14992	/home/kei/class_public_broken/external/heating/noninjection.c
14984	/home/kei/class_public_broken/external/RealSpaceInterface/static/fonts/open-iconic/font/fonts/open-iconic.woff
14861	/home/kei/class_public_broken/include/arrays.h
14848	/home/kei/class_public_broken/external/RecfastCLASS/wrap_recfast.c
14845	/home/kei/class_public_broken/notebooks/many_times.ipynb
14824	/home/kei/class_public_broken/include/distortions.h
14659	/home/kei/class_public_broken/external/RealSpaceInterface/static/fonts/open-iconic/font/css/open-iconic.scss
14643	/home/kei/class_public_broken/external/RealSpaceInterface/static/fonts/open-iconic/font/css/open-iconic.less
14432	/home/kei/class_public_broken/tools/sparse.c
14376	/home/kei/class_public_broken/doc/input/doxygen.sty
14136	/home/kei/class_public_broken/external/RealSpaceInterface/static/fonts/open-iconic/font/css/open-iconic-foundation.min.css
13856	/home/kei/class_public_broken/external/RealSpaceInterface/static/fonts/open-iconic/font/css/open-iconic.css
13451	/home/kei/class_public_broken/external/RealSpaceInterface/static/js/gif.js
13121	/home/kei/class_public_broken/notebooks/one_time.ipynb
13086	/home/kei/class_public_broken/external/RealSpaceInterface/static/fonts/open-iconic/font/css/open-iconic.styl
12742	/home/kei/class_public_broken/include/harmonic.h
12498	/home/kei/class_public_broken/external/RealSpaceInterface/static/js/paramGui.js
12297	/home/kei/class_public_broken/external/RealSpaceInterface/static/fonts/open-iconic/font/css/open-iconic.min.css
12201	/home/kei/class_public_broken/notebooks/check_PPF_approx.ipynb
12098	/home/kei/class_public_broken/external/RealSpaceInterface/static/js/simulationList.js
11868	/home/kei/class_public_broken/external/HyRec2020/hydrogen.h
11549	/home/kei/class_public_broken/external/RealSpaceInterface/static/fonts/open-iconic/font/css/open-iconic-bootstrap.less
11526	/home/kei/class_public_broken/external/RealSpaceInterface/static/fonts/open-iconic/font/css/open-iconic-bootstrap.scss
11396	/home/kei/class_public_broken/external/RealSpaceInterface/static/fonts/open-iconic/font/css/open-iconic-bootstrap.css
11366	/home/kei/class_public_broken/scripts/many_times.py
11248	/home/kei/class_public_broken/external/bbn/sBBN_2017_marcucci.dat
11213	/home/kei/class_public_broken/external/bbn/sBBN_2017.dat
10853	/home/kei/class_public_broken/external/RealSpaceInterface/static/fonts/open-iconic/font/css/open-iconic-bootstrap.styl
10669	/home/kei/class_public_broken/include/hyperspherical.h
10312	/home/kei/class_public_broken/external/distortions/generate_PCA_files.py
9964	/home/kei/class_public_broken/external/HMcode/hmcode.h
9769	/home/kei/class_public_broken/doc/input/latex/class.log
9398	/home/kei/class_public_broken/include/lensing.h
9395	/home/kei/class_public_broken/external/RealSpaceInterface/static/fonts/open-iconic/font/css/open-iconic-bootstrap.min.css
9334	/home/kei/class_public_broken/external/HyRec2020/energy_injection.c
9330	/home/kei/class_public_broken/test/test_loops_omp.c
9290	/home/kei/class_public_broken/scripts/one_time.py
9147	/home/kei/class_public_broken/external/RealSpaceInterface/tornadoserver.py
9088	/home/kei/class_public_broken/notebooks/one_k.ipynb
9062	/home/kei/class_public_broken/external/heating/example_chiz_file.dat
9012	/home/kei/class_public_broken/external/distortions/PIXIE_distortions_shapes.dat
8907	/home/kei/class_public_broken/scripts/check_PPF_approx.py
8691	/home/kei/class_public_broken/external/HyRec2020/helium.c
8581	/home/kei/class_public_broken/external/RealSpaceInterface/templates/Header.html
8529	/home/kei/class_public_broken/external/HyRec2020/hyrectools.c
8432	/home/kei/class_public_broken/default.ini
8197	/home/kei/class_public_broken/notebooks/varying_neff.ipynb
8095	/home/kei/class_public_broken/external/bbn/sBBN.dat
7640	/home/kei/class_public_broken/external/HyRec2020/wrap_hyrec.c
7409	/home/kei/class_public_broken/doc/input/intro.md
7365	/home/kei/class_public_broken/classy.egg-info/SOURCES.txt
7341	/home/kei/class_public_broken/Makefile
7257	/home/kei/class_public_broken/include/parallel.h
7232	/home/kei/class_public_broken/external/RealSpaceInterface/templates/RSI.html
7102	/home/kei/class_public_broken/external/RealSpaceInterface/static/js/redshiftModal.js
7088	/home/kei/class_public_broken/external/heating/injection.h
6866	/home/kei/class_public_broken/external/heating/README
6610	/home/kei/class_public_broken/scripts/one_k.py
6553	/home/kei/class_public_broken/notebooks/varying_pann.ipynb
6422	/home/kei/class_public_broken/external/RealSpaceInterface/static/js/playerPanel.js
6416	/home/kei/class_public_broken/external/RealSpaceInterface/Calc2D/CalculationClass.py
6393	/home/kei/class_public_broken/tools/dei_rkck.c
6183	/home/kei/class_public_broken/include/output.h
6098	/home/kei/class_public_broken/external/external_Pk/README.md
6042	/home/kei/class_public_broken/notebooks/neutrinohierarchy.ipynb
5996	/home/kei/class_public_broken/output/A10_test_final_13_pk.dat
5996	/home/kei/class_public_broken/output/A10_test_final_12_pk.dat
5996	/home/kei/class_public_broken/output/A10_test_final_11_pk.dat
5996	/home/kei/class_public_broken/output/A10_test_final_10_pk.dat
5996	/home/kei/class_public_broken/output/A10_test_final_09_pk.dat
5996	/home/kei/class_public_broken/output/A10_test_final_08_pk.dat
5996	/home/kei/class_public_broken/output/A10_test_final_07_pk.dat
5996	/home/kei/class_public_broken/output/A10_test_final_06_pk.dat
5996	/home/kei/class_public_broken/output/A10_test_final_05_pk.dat
5996	/home/kei/class_public_broken/output/A10_test_final_04_pk.dat
5996	/home/kei/class_public_broken/output/A10_test_final_03_pk.dat
5996	/home/kei/class_public_broken/output/A10_test_final_02_pk.dat
5996	/home/kei/class_public_broken/output/A10_test_final_01_pk.dat
5882	/home/kei/class_public_broken/external/distortions/FIRAS_distortions_shapes.dat
5799	/home/kei/class_public_broken/test/test_loops.c
5749	/home/kei/class_public_broken/tools/hermite6_interpolation_csource.h
5749	/home/kei/class_public_broken/include/hermite6_interpolation_csource.h
5719	/home/kei/class_public_broken/scripts/varying_neff.py
