841981679	/home/kei/class_a10_2f/.git/objects/pack/pack-5e49e2e09b8ef64a0e788582c6a0cf52cd9aaa32.pack
112233041	/home/kei/class_a10_2f/chains/a10_run2.1.txt
60331967	/home/kei/class_a10_2f/packages/data/bao_data/sdss_DR16_ELG_FSBAO_DMDHfs8gridlikelihood.txt
60331967	/home/kei/class_a10_2f/cobaya_packages/data/bao_data/sdss_DR16_ELG_FSBAO_DMDHfs8gridlikelihood.txt
54780270	/home/kei/class_a10_2f/chains/a10_main_rescue.1.txt
53523861	/home/kei/class_a10_2f/packages/data/sn_data/DESY5/covsys_000.txt
53523861	/home/kei/class_a10_2f/cobaya_packages/data/sn_data/DESY5/covsys_000.txt
44646405	/home/kei/class_a10_2f/chains/a10_wp0_valley.1.txt
41921280	/home/kei/class_a10_2f/packages/data/planck_2018/baseline/plc_3.0/hi_l/plik/plik_rd12_HM_v22b_TTTEEE.clik/clik/lkl_0/criterion_gauss_mat
41921280	/home/kei/class_a10_2f/cobaya_packages/data/planck_2018/baseline/plc_3.0/hi_l/plik/plik_rd12_HM_v22b_TTTEEE.clik/clik/lkl_0/criterion_gauss_mat
33284960	/home/kei/class_a10_2f/packages/data/sn_data/PantheonPlus/Pantheon+SH0ES_STAT+SYS.cov
33284960	/home/kei/class_a10_2f/cobaya_packages/data/sn_data/PantheonPlus/Pantheon+SH0ES_STAT+SYS.cov
24080804	/home/kei/class_a10_2f/output/a10_test_18_background.dat
24080804	/home/kei/class_a10_2f/output/a10_test_17_background.dat
24080804	/home/kei/class_a10_2f/output/a10_test_16_background.dat
24080804	/home/kei/class_a10_2f/output/a10_test_15_background.dat
24080804	/home/kei/class_a10_2f/output/a10_test_14_background.dat
24080804	/home/kei/class_a10_2f/output/a10_test_13_background.dat
24080804	/home/kei/class_a10_2f/output/a10_test_12_background.dat
24080804	/home/kei/class_a10_2f/output/a10_test_11_background.dat
24080804	/home/kei/class_a10_2f/output/a10_test_10_background.dat
24080804	/home/kei/class_a10_2f/output/a10_test_09_background.dat
24080804	/home/kei/class_a10_2f/output/a10_test_08_background.dat
24080804	/home/kei/class_a10_2f/output/a10_test_07_background.dat
24080804	/home/kei/class_a10_2f/output/a10_test_06_background.dat
24080804	/home/kei/class_a10_2f/output/a10_test_05_background.dat
24080804	/home/kei/class_a10_2f/output/a10_test_04_background.dat
24080804	/home/kei/class_a10_2f/output/a10_test_03_background.dat
24080804	/home/kei/class_a10_2f/output/a10_test_02_background.dat
21278546	/home/kei/class_a10_2f/libclass.a
21172730	/home/kei/class_a10_2f/cobaya_packages/code/classy/libclass.a
21172594	/home/kei/class_a10_2f/packages/code/classy_old/libclass.a
21080729	/home/kei/class_a10_2f/a10_test_00_background.dat
15475096	/home/kei/class_a10_2f/build/lib.linux-x86_64-cpython-312/classy/_classy.cpython-312-x86_64-linux-gnu.so
15452688	/home/kei/class_a10_2f/a10_env/lib/python3.12/site-packages/classy/_classy.cpython-312-x86_64-linux-gnu.so
15452360	/home/kei/class_a10_2f/_classy.cpython-312-x86_64-linux-gnu.so
15435424	/home/kei/class_a10_2f/cobaya_packages/code/classy/build/lib.linux-x86_64-cpython-312/classy/_classy.cpython-312-x86_64-linux-gnu.so
15435416	/home/kei/class_a10_2f/packages/code/classy_old/build/lib.linux-x86_64-cpython-312/classy/_classy.cpython-312-x86_64-linux-gnu.so
12087118	/home/kei/class_a10_2f/packages/data/sn_data/Pantheon/sys_full_long.txt
12087118	/home/kei/class_a10_2f/cobaya_packages/data/sn_data/Pantheon/sys_full_long.txt
11689930	/home/kei/class_a10_2f/packages/code/classy_old/external/distortions/Greens_data.dat
11689930	/home/kei/class_a10_2f/packages/code/classy_old/build/lib.linux-x86_64-cpython-312/classy/external/distortions/Greens_data.dat
11689930	/home/kei/class_a10_2f/external/distortions/Greens_data.dat
11689930	/home/kei/class_a10_2f/cobaya_packages/code/classy/external/distortions/Greens_data.dat
11689930	/home/kei/class_a10_2f/cobaya_packages/code/classy/build/lib.linux-x86_64-cpython-312/classy/external/distortions/Greens_data.dat
11689930	/home/kei/class_a10_2f/build/lib.linux-x86_64-cpython-312/classy/external/distortions/Greens_data.dat
11689930	/home/kei/class_a10_2f/a10_env/lib/python3.12/site-packages/classy/external/distortions/Greens_data.dat
10865056	/home/kei/class_a10_2f/cobaya_packages/code/classy/build/temp.linux-x86_64-cpython-312/python/classy.o
10865048	/home/kei/class_a10_2f/packages/code/classy_old/build/temp.linux-x86_64-cpython-312/python/classy.o
10858792	/home/kei/class_a10_2f/build/temp.linux-x86_64-cpython-312/python/classy.o
10088988	/home/kei/class_a10_2f/packages/data/sn_data/JLA/jla_vab_covmatrix.dat
10088988	/home/kei/class_a10_2f/cobaya_packages/data/sn_data/JLA/jla_vab_covmatrix.dat
10031226	/home/kei/class_a10_2f/packages/data/sn_data/JLA/jla_v0a_covmatrix.dat
10031226	/home/kei/class_a10_2f/cobaya_packages/data/sn_data/JLA/jla_v0a_covmatrix.dat
9980965	/home/kei/class_a10_2f/packages/data/sn_data/JLA/jla_va_covmatrix.dat
9980965	/home/kei/class_a10_2f/cobaya_packages/data/sn_data/JLA/jla_va_covmatrix.dat
9962664	/home/kei/class_a10_2f/class
9858802	/home/kei/class_a10_2f/packages/data/sn_data/JLA/jla_vb_covmatrix.dat
9858802	/home/kei/class_a10_2f/cobaya_packages/data/sn_data/JLA/jla_vb_covmatrix.dat
9799920	/home/kei/class_a10_2f/packages/data/sn_data/JLA/jla_v0b_covmatrix.dat
9799920	/home/kei/class_a10_2f/cobaya_packages/data/sn_data/JLA/jla_v0b_covmatrix.dat
9549877	/home/kei/class_a10_2f/packages/data/sn_data/JLA/jla_v0_covmatrix.dat
9549877	/home/kei/class_a10_2f/cobaya_packages/data/sn_data/JLA/jla_v0_covmatrix.dat
7282780	/home/kei/class_a10_2f/chains/a10_phase4_shoes.1.txt
6491520	/home/kei/class_a10_2f/packages/data/planck_2018/baseline/plc_3.0/low_l/commander/commander_dx12_v3_2_29.clik/clik/lkl_0/_external/sigma.fits
6491520	/home/kei/class_a10_2f/cobaya_packages/data/planck_2018/baseline/plc_3.0/low_l/commander/commander_dx12_v3_2_29.clik/clik/lkl_0/_external/sigma.fits
6341136	/home/kei/class_a10_2f/packages/data/planck_2018_lowT_native/cl2x_2.txt
6341136	/home/kei/class_a10_2f/cobaya_packages/data/planck_2018_lowT_native/cl2x_2.txt
6244951	/home/kei/class_a10_2f/packages/data/sn_data/DES-Dovekie/covtot_inv_000.npz
6244951	/home/kei/class_a10_2f/cobaya_packages/data/sn_data/DES-Dovekie/covtot_inv_000.npz
6225000	/home/kei/class_a10_2f/packages/data/planck_2018_lowT_native/cl2x_1.txt
6225000	/home/kei/class_a10_2f/cobaya_packages/data/planck_2018_lowT_native/cl2x_1.txt
5197080	/home/kei/class_a10_2f/build/lensing.opp
5197024	/home/kei/class_a10_2f/packages/code/classy_old/build/lensing.opp
5197024	/home/kei/class_a10_2f/cobaya_packages/code/classy/build/lensing.opp
5128176	/home/kei/class_a10_2f/a10_env/lib/python3.12/site-packages/astropy_iers_data/data/eopc04.1962-now
4685760	/home/kei/class_a10_2f/packages/data/planck_2018/baseline/plc_3.0/hi_l/plik/plik_rd12_HM_v22_TT.clik/clik/lkl_0/criterion_gauss_mat
4685760	/home/kei/class_a10_2f/cobaya_packages/data/planck_2018/baseline/plc_3.0/hi_l/plik/plik_rd12_HM_v22_TT.clik/clik/lkl_0/criterion_gauss_mat
4498416	/home/kei/class_a10_2f/a10_bao_run.1.txt
4441704	/home/kei/class_a10_2f/a10_env/lib/python3.12/site-packages/astropy/wcs/_wcs.abi3.so
3991252	/home/kei/class_a10_2f/python/classy.cpp
3991252	/home/kei/class_a10_2f/build/lib.linux-x86_64-cpython-312/classy/python/classy.cpp
3990370	/home/kei/class_a10_2f/a10_env/lib/python3.12/site-packages/classy/python/classy.cpp
3964103	/home/kei/class_a10_2f/cobaya_packages/code/classy/python/classy.cpp
3964091	/home/kei/class_a10_2f/packages/code/classy_old/python/classy.cpp
3730672	/home/kei/class_a10_2f/a10_env/lib/python3.12/site-packages/astropy_iers_data/data/finals2000A.all
3461760	/home/kei/class_a10_2f/packages/data/planck_2018/baseline/plc_3.0/hi_l/plik/plik_rd12_HM_v22b_TTTEEE.clik/clik/lkl_0/component_9/template
3461760	/home/kei/class_a10_2f/packages/data/planck_2018/baseline/plc_3.0/hi_l/plik/plik_rd12_HM_v22b_TTTEEE.clik/clik/lkl_0/component_6/template
3461760	/home/kei/class_a10_2f/packages/data/planck_2018/baseline/plc_3.0/hi_l/plik/plik_rd12_HM_v22b_TTTEEE.clik/clik/lkl_0/component_11/template
3461760	/home/kei/class_a10_2f/packages/data/planck_2018/baseline/plc_3.0/hi_l/plik/plik_rd12_HM_v22b_TTTEEE.clik/clik/lkl_0/component_10/template
3461760	/home/kei/class_a10_2f/packages/data/planck_2018/baseline/plc_3.0/hi_l/plik/plik_rd12_HM_v22_TT.clik/clik/lkl_0/component_8/template
3461760	/home/kei/class_a10_2f/packages/data/planck_2018/baseline/plc_3.0/hi_l/plik/plik_rd12_HM_v22_TT.clik/clik/lkl_0/component_7/template
3461760	/home/kei/class_a10_2f/packages/data/planck_2018/baseline/plc_3.0/hi_l/plik/plik_rd12_HM_v22_TT.clik/clik/lkl_0/component_6/template
3461760	/home/kei/class_a10_2f/cobaya_packages/data/planck_2018/baseline/plc_3.0/hi_l/plik/plik_rd12_HM_v22b_TTTEEE.clik/clik/lkl_0/component_9/template
3461760	/home/kei/class_a10_2f/cobaya_packages/data/planck_2018/baseline/plc_3.0/hi_l/plik/plik_rd12_HM_v22b_TTTEEE.clik/clik/lkl_0/component_6/template
3461760	/home/kei/class_a10_2f/cobaya_packages/data/planck_2018/baseline/plc_3.0/hi_l/plik/plik_rd12_HM_v22b_TTTEEE.clik/clik/lkl_0/component_11/template
3461760	/home/kei/class_a10_2f/cobaya_packages/data/planck_2018/baseline/plc_3.0/hi_l/plik/plik_rd12_HM_v22b_TTTEEE.clik/clik/lkl_0/component_10/template
3461760	/home/kei/class_a10_2f/cobaya_packages/data/planck_2018/baseline/plc_3.0/hi_l/plik/plik_rd12_HM_v22_TT.clik/clik/lkl_0/component_8/template
3461760	/home/kei/class_a10_2f/cobaya_packages/data/planck_2018/baseline/plc_3.0/hi_l/plik/plik_rd12_HM_v22_TT.clik/clik/lkl_0/component_7/template
3461760	/home/kei/class_a10_2f/cobaya_packages/data/planck_2018/baseline/plc_3.0/hi_l/plik/plik_rd12_HM_v22_TT.clik/clik/lkl_0/component_6/template
3006160	/home/kei/class_a10_2f/packages/data/planck_2018/baseline/plc_3.0/hi_l/plik_lite/plik_lite_v22_TTTEEE.clik/clik/lkl_0/_external/c_matrix_plik_v22.dat
3006160	/home/kei/class_a10_2f/packages/data/planck_2018/baseline/plc_3.0/hi_l/plik_lite/plik_lite_v22_TT.clik/clik/lkl_0/_external/c_matrix_plik_v22.dat
3006160	/home/kei/class_a10_2f/cobaya_packages/data/planck_2018/baseline/plc_3.0/hi_l/plik_lite/plik_lite_v22_TTTEEE.clik/clik/lkl_0/_external/c_matrix_plik_v22.dat
3006160	/home/kei/class_a10_2f/cobaya_packages/data/planck_2018/baseline/plc_3.0/hi_l/plik_lite/plik_lite_v22_TT.clik/clik/lkl_0/_external/c_matrix_plik_v22.dat
2565256	/home/kei/class_a10_2f/a10_env/lib/python3.12/site-packages/astropy/io/ascii/cparser.abi3.so
2405408	/home/kei/class_a10_2f/build/perturbations.opp
2402128	/home/kei/class_a10_2f/cobaya_packages/code/classy/build/perturbations.opp
2402120	/home/kei/class_a10_2f/packages/code/classy_old/build/perturbations.opp
2195808	/home/kei/class_a10_2f/a10_env/lib/python3.12/site-packages/mpi4py/MPI.openmpi.cpython-312-x86_64-linux-gnu.so
2187000	/home/kei/class_a10_2f/packages/data/planck_2018_lowE_native/prob_table.txt
2187000	/home/kei/class_a10_2f/cobaya_packages/data/planck_2018_lowE_native/prob_table.txt
2183648	/home/kei/class_a10_2f/a10_env/lib/python3.12/site-packages/mpi4py/MPI.mpich.cpython-312-x86_64-linux-gnu.so
2148896	/home/kei/class_a10_2f/a10_env/lib/python3.12/site-packages/erfa/ufunc.abi3.so
1848968	/home/kei/class_a10_2f/cobaya_packages/code/classy/build/hyperspherical.opp
1848960	/home/kei/class_a10_2f/packages/code/classy_old/build/hyperspherical.opp
1848912	/home/kei/class_a10_2f/build/hyperspherical.opp
1751528	/home/kei/class_a10_2f/a10_env/lib/python3.12/site-packages/astropy/stats/_stats.abi3.so
1664240	/home/kei/class_a10_2f/build/transfer.opp
1662176	/home/kei/class_a10_2f/packages/code/classy_old/build/transfer.opp
1662176	/home/kei/class_a10_2f/cobaya_packages/code/classy/build/transfer.opp
1582091	/home/kei/class_a10_2f/packages/data/planck_2018_lowT_native/cov.txt
1582091	/home/kei/class_a10_2f/cobaya_packages/data/planck_2018_lowT_native/cov.txt
1569368	/home/kei/class_a10_2f/build/hmcode.opp
1567616	/home/kei/class_a10_2f/packages/code/classy_old/build/arrays.opp
1567616	/home/kei/class_a10_2f/cobaya_packages/code/classy/build/arrays.opp
1567560	/home/kei/class_a10_2f/build/arrays.opp
1567304	/home/kei/class_a10_2f/packages/code/classy_old/build/hmcode.opp
1567304	/home/kei/class_a10_2f/cobaya_packages/code/classy/build/hmcode.opp
1492880	/home/kei/class_a10_2f/build/primordial.opp
1492824	/home/kei/class_a10_2f/cobaya_packages/code/classy/build/primordial.opp
1492816	/home/kei/class_a10_2f/packages/code/classy_old/build/primordial.opp
1470640	/home/kei/class_a10_2f/a10_env/lib/python3.12/site-packages/astropy/timeseries/periodograms/lombscargle/implementations/cython_impl.abi3.so
1432417	/home/kei/class_a10_2f/chains/a10_run1.1.txt
1388664	/home/kei/class_a10_2f/build/harmonic.opp
1386608	/home/kei/class_a10_2f/cobaya_packages/code/classy/build/harmonic.opp
1386600	/home/kei/class_a10_2f/packages/code/classy_old/build/harmonic.opp
1382104	/home/kei/class_a10_2f/build/input.o
1323824	/home/kei/class_a10_2f/cobaya_packages/code/classy/build/input.o
1323816	/home/kei/class_a10_2f/packages/code/classy_old/build/input.o
1284480	/home/kei/class_a10_2f/packages/data/planck_2018/baseline/plc_3.0/hi_l/plik/plik_rd12_HM_v22b_TTTEEE.clik/clik/lkl_0/component_1/template
1284480	/home/kei/class_a10_2f/packages/data/planck_2018/baseline/plc_3.0/hi_l/plik/plik_rd12_HM_v22_TT.clik/clik/lkl_0/component_1/template
1284480	/home/kei/class_a10_2f/cobaya_packages/data/planck_2018/baseline/plc_3.0/hi_l/plik/plik_rd12_HM_v22b_TTTEEE.clik/clik/lkl_0/component_1/template
1284480	/home/kei/class_a10_2f/cobaya_packages/data/planck_2018/baseline/plc_3.0/hi_l/plik/plik_rd12_HM_v22_TT.clik/clik/lkl_0/component_1/template
1211192	/home/kei/class_a10_2f/a10_env/lib/python3.12/site-packages/astropy/cosmology/_src/flrw/scalar_inv_efuncs.abi3.so
1069275	/home/kei/class_a10_2f/packages/code/classy_old/doc/manual/CLASS_MANUAL.pdf
1069275	/home/kei/class_a10_2f/doc/manual/CLASS_MANUAL.pdf
1069275	/home/kei/class_a10_2f/cobaya_packages/code/classy/doc/manual/CLASS_MANUAL.pdf
954240	/home/kei/class_a10_2f/a10_env/lib/python3.12/site-packages/astropy/utils/xml/_iterparser.abi3.so
926598	/home/kei/class_a10_2f/a10_prod_run.2.txt.bak
911816	/home/kei/class_a10_2f/chains/a10_prod_run.5.txt
878508	/home/kei/class_a10_2f/.git/objects/pack/pack-5e49e2e09b8ef64a0e788582c6a0cf52cd9aaa32.idx
867470	/home/kei/class_a10_2f/chains/a10_prod_run.4.txt
831682	/home/kei/class_a10_2f/chains/a10_prod_run.3.txt
822346	/home/kei/class_a10_2f/chains/a10_prod_run.1.txt
763701	/home/kei/class_a10_2f/a10_env/lib/python3.12/site-packages/erfa/__pycache__/core.cpython-312.pyc
738450	/home/kei/class_a10_2f/a10_env/lib/python3.12/site-packages/erfa/core.py
725760	/home/kei/class_a10_2f/packages/data/planck_2018/baseline/plc_3.0/lensing/smicadx12_Dec5_ftl_mv2_ndclpp_p_teb_consext8.clik_lensing/clik_lensing/cors
725760	/home/kei/class_a10_2f/cobaya_packages/data/planck_2018/baseline/plc_3.0/lensing/smicadx12_Dec5_ftl_mv2_ndclpp_p_teb_consext8.clik_lensing/clik_lensing/cors
689003	/home/kei/class_a10_2f/packages/code/classy_old/external/bbn/sBBN_2025.dat
689003	/home/kei/class_a10_2f/packages/code/classy_old/build/lib.linux-x86_64-cpython-312/classy/external/bbn/sBBN_2025.dat
689003	/home/kei/class_a10_2f/external/bbn/sBBN_2025.dat
689003	/home/kei/class_a10_2f/cobaya_packages/code/classy/external/bbn/sBBN_2025.dat
689003	/home/kei/class_a10_2f/cobaya_packages/code/classy/build/lib.linux-x86_64-cpython-312/classy/external/bbn/sBBN_2025.dat
689003	/home/kei/class_a10_2f/build/lib.linux-x86_64-cpython-312/classy/external/bbn/sBBN_2025.dat
689003	/home/kei/class_a10_2f/a10_env/lib/python3.12/site-packages/classy/external/bbn/sBBN_2025.dat
676800	/home/kei/class_a10_2f/packages/data/planck_2018/baseline/plc_3.0/low_l/simall/simall_100x143_offlike5_EE_Aplanck_B.clik/clik/lkl_0/probEE
676800	/home/kei/class_a10_2f/packages/data/planck_2018/baseline/plc_3.0/low_l/simall/simall_100x143_offlike5_EEBB_Aplanck_B.clik/clik/lkl_0/probEE
676800	/home/kei/class_a10_2f/cobaya_packages/data/planck_2018/baseline/plc_3.0/low_l/simall/simall_100x143_offlike5_EE_Aplanck_B.clik/clik/lkl_0/probEE
676800	/home/kei/class_a10_2f/cobaya_packages/data/planck_2018/baseline/plc_3.0/low_l/simall/simall_100x143_offlike5_EEBB_Aplanck_B.clik/clik/lkl_0/probEE
579283	/home/kei/class_a10_2f/packages/data/sn_data/PantheonPlus/Pantheon+SH0ES.dat
579283	/home/kei/class_a10_2f/cobaya_packages/data/sn_data/PantheonPlus/Pantheon+SH0ES.dat
559497	/home/kei/class_a10_2f/a10_env/lib/python3.12/site-packages/getdist/gui/images/GetDistGUI.icns
556472	/home/kei/class_a10_2f/a10_env/lib/python3.12/site-packages/astropy/io/fits/hdu/compressed/_compression.abi3.so
546507	/home/kei/class_a10_2f/packages/code/classy_old/output/explanatory00_cl.dat
546507	/home/kei/class_a10_2f/cobaya_packages/code/classy/output/explanatory00_cl.dat
507346	/home/kei/class_a10_2f/a10_env/lib/python3.12/site-packages/astropy/wcs/src/docstrings.c
476464	/home/kei/class_a10_2f/a10_env/lib/python3.12/site-packages/astropy/table/_column_mixins.abi3.so
473624	/home/kei/class_a10_2f/a10_env/lib/python3.12/site-packages/astropy/timeseries/periodograms/bls/_impl.abi3.so
455514	/home/kei/class_a10_2f/packages/code/classy_old/output/explanatory00_cl_lensed.dat
455514	/home/kei/class_a10_2f/cobaya_packages/code/classy/output/explanatory00_cl_lensed.dat
455507	/home/kei/class_a10_2f/a10_test_00_cl.dat
452160	/home/kei/class_a10_2f/packages/data/planck_2018/baseline/plc_3.0/low_l/simall/simall_100x143_offlike5_EEBB_Aplanck_B.clik/clik/lkl_0/probBB
452160	/home/kei/class_a10_2f/packages/data/planck_2018/baseline/plc_3.0/low_l/simall/simall_100x143_offlike5_BB_Aplanck_B.clik/clik/lkl_0/probBB
452160	/home/kei/class_a10_2f/cobaya_packages/data/planck_2018/baseline/plc_3.0/low_l/simall/simall_100x143_offlike5_EEBB_Aplanck_B.clik/clik/lkl_0/probBB
452160	/home/kei/class_a10_2f/cobaya_packages/data/planck_2018/baseline/plc_3.0/low_l/simall/simall_100x143_offlike5_BB_Aplanck_B.clik/clik/lkl_0/probBB
443832	/home/kei/class_a10_2f/a10_env/lib/python3.12/site-packages/astropy/table/_np_utils.abi3.so
434070	/home/kei/class_a10_2f/chains/a10_scout_H0_72.1.txt
426213	/home/kei/class_a10_2f/source/perturbations.c
426213	/home/kei/class_a10_2f/build/lib.linux-x86_64-cpython-312/classy/source/perturbations.c
423159	/home/kei/class_a10_2f/a10_env/lib/python3.12/site-packages/classy/source/perturbations.c
422469	/home/kei/class_a10_2f/packages/code/classy_old/source/perturbations.c
422469	/home/kei/class_a10_2f/packages/code/classy_old/build/lib.linux-x86_64-cpython-312/classy/source/perturbations.c
422469	/home/kei/class_a10_2f/cobaya_packages/code/classy/source/perturbations.c
422469	/home/kei/class_a10_2f/cobaya_packages/code/classy/build/lib.linux-x86_64-cpython-312/classy/source/perturbations.c
406592	/home/kei/class_a10_2f/build/thermodynamics.o
404640	/home/kei/class_a10_2f/packages/code/classy_old/build/thermodynamics.o
404640	/home/kei/class_a10_2f/cobaya_packages/code/classy/build/thermodynamics.o
398736	/home/kei/class_a10_2f/nohup_a10.out
393773	/home/kei/class_a10_2f/hybrid_spectra_comparison.png
383952	/home/kei/class_a10_2f/build/output.o
366893	/home/kei/class_a10_2f/packages/code/classy_old/external/HyRec2020/output_xe.dat
366893	/home/kei/class_a10_2f/packages/code/classy_old/build/lib.linux-x86_64-cpython-312/classy/external/HyRec2020/output_xe.dat
366893	/home/kei/class_a10_2f/external/HyRec2020/output_xe.dat
366893	/home/kei/class_a10_2f/cobaya_packages/code/classy/external/HyRec2020/output_xe.dat
366893	/home/kei/class_a10_2f/cobaya_packages/code/classy/build/lib.linux-x86_64-cpython-312/classy/external/HyRec2020/output_xe.dat
366893	/home/kei/class_a10_2f/build/lib.linux-x86_64-cpython-312/classy/external/HyRec2020/output_xe.dat
366893	/home/kei/class_a10_2f/a10_env/lib/python3.12/site-packages/classy/external/HyRec2020/output_xe.dat
329152	/home/kei/class_a10_2f/a10_env/lib/python3.12/site-packages/astropy/convolution/_convolve.abi3.so
302592	/home/kei/class_a10_2f/build/distortions.o
302344	/home/kei/class_a10_2f/build/background.o
300528	/home/kei/class_a10_2f/packages/code/classy_old/build/distortions.o
300528	/home/kei/class_a10_2f/cobaya_packages/code/classy/build/distortions.o
290032	/home/kei/class_a10_2f/build/fourier.o
287968	/home/kei/class_a10_2f/packages/code/classy_old/build/fourier.o
287968	/home/kei/class_a10_2f/cobaya_packages/code/classy/build/fourier.o
281617	/home/kei/class_a10_2f/a10_env/lib/python3.12/site-packages/pip/_vendor/certifi/cacert.pem
279528	/home/kei/class_a10_2f/packages/code/classy_old/build/background.o
279528	/home/kei/class_a10_2f/cobaya_packages/code/classy/build/background.o
274770	/home/kei/class_a10_2f/scientific_analysis.png
272000	/home/kei/class_a10_2f/packages/code/classy_old/external/HyRec2020/Alpha_inf.dat
272000	/home/kei/class_a10_2f/packages/code/classy_old/build/lib.linux-x86_64-cpython-312/classy/external/HyRec2020/Alpha_inf.dat
272000	/home/kei/class_a10_2f/external/HyRec2020/Alpha_inf.dat
272000	/home/kei/class_a10_2f/cobaya_packages/code/classy/external/HyRec2020/Alpha_inf.dat
272000	/home/kei/class_a10_2f/cobaya_packages/code/classy/build/lib.linux-x86_64-cpython-312/classy/external/HyRec2020/Alpha_inf.dat
272000	/home/kei/class_a10_2f/build/lib.linux-x86_64-cpython-312/classy/external/HyRec2020/Alpha_inf.dat
272000	/home/kei/class_a10_2f/a10_env/lib/python3.12/site-packages/classy/external/HyRec2020/Alpha_inf.dat
267785	/home/kei/class_a10_2f/output/a10_test_18_cl.dat
267785	/home/kei/class_a10_2f/output/a10_test_17_cl.dat
267785	/home/kei/class_a10_2f/output/a10_test_16_cl.dat
267785	/home/kei/class_a10_2f/output/a10_test_15_cl.dat
267785	/home/kei/class_a10_2f/output/a10_test_14_cl.dat
267785	/home/kei/class_a10_2f/output/a10_test_13_cl.dat
267785	/home/kei/class_a10_2f/output/a10_test_12_cl.dat
267785	/home/kei/class_a10_2f/output/a10_test_11_cl.dat
267785	/home/kei/class_a10_2f/output/a10_test_10_cl.dat
267785	/home/kei/class_a10_2f/output/a10_test_09_cl.dat
267785	/home/kei/class_a10_2f/output/a10_test_08_cl.dat
267785	/home/kei/class_a10_2f/output/a10_test_07_cl.dat
267785	/home/kei/class_a10_2f/output/a10_test_06_cl.dat
267785	/home/kei/class_a10_2f/output/a10_test_05_cl.dat
267785	/home/kei/class_a10_2f/output/a10_test_04_cl.dat
267785	/home/kei/class_a10_2f/output/a10_test_03_cl.dat
267785	/home/kei/class_a10_2f/output/a10_test_02_cl.dat
267785	/home/kei/class_a10_2f/output/a10_test_01_cl.dat
267785	/home/kei/class_a10_2f/output/a10_test_00_cl.dat
267711	/home/kei/class_a10_2f/a10_env/lib/python3.12/site-packages/pip/_vendor/pyparsing/__pycache__/core.cpython-312.pyc
259656	/home/kei/class_a10_2f/a10_env/lib/python3.12/site-packages/astropy/io/fits/tests/__pycache__/test_table.cpython-312.pyc
254384	/home/kei/class_a10_2f/a10_env/lib/python3.12/site-packages/astropy/io/fits/_utils.abi3.so
242512	/home/kei/class_a10_2f/source/input.c
242512	/home/kei/class_a10_2f/build/lib.linux-x86_64-cpython-312/classy/source/input.c
240455	/home/kei/class_a10_2f/a10_env/lib/python3.12/site-packages/classy/source/input.c
238719	/home/kei/class_a10_2f/packages/code/classy_old/source/input.c
238719	/home/kei/class_a10_2f/packages/code/classy_old/build/lib.linux-x86_64-cpython-312/classy/source/input.c
238719	/home/kei/class_a10_2f/cobaya_packages/code/classy/source/input.c
238719	/home/kei/class_a10_2f/cobaya_packages/code/classy/build/lib.linux-x86_64-cpython-312/classy/source/input.c
231152	/home/kei/class_a10_2f/a10_env/lib/python3.12/site-packages/erfa/tests/__pycache__/test_ufunc.cpython-312.pyc
228975	/home/kei/class_a10_2f/a10_env/lib/python3.12/site-packages/astropy/units/tests/__pycache__/test_quantity_non_ufuncs.cpython-312.pyc
224445	/home/kei/class_a10_2f/a10_env/lib/python3.12/site-packages/pip/_vendor/pyparsing/core.py
212107	/home/kei/class_a10_2f/test_H0_72.69.png
211547	/home/kei/class_a10_2f/test_H0_73.26.png
210631	/home/kei/class_a10_2f/test_H0_73.83.png
209926	/home/kei/class_a10_2f/test_H0_75.94.png
209606	/home/kei/class_a10_2f/source/thermodynamics.c
209606	/home/kei/class_a10_2f/packages/code/classy_old/source/thermodynamics.c
209606	/home/kei/class_a10_2f/packages/code/classy_old/build/lib.linux-x86_64-cpython-312/classy/source/thermodynamics.c
209606	/home/kei/class_a10_2f/cobaya_packages/code/classy/source/thermodynamics.c
209606	/home/kei/class_a10_2f/cobaya_packages/code/classy/build/lib.linux-x86_64-cpython-312/classy/source/thermodynamics.c
209606	/home/kei/class_a10_2f/build/lib.linux-x86_64-cpython-312/classy/source/thermodynamics.c
209606	/home/kei/class_a10_2f/a10_env/lib/python3.12/site-packages/classy/source/thermodynamics.c
208839	/home/kei/class_a10_2f/test_H0_74.47.png
207277	/home/kei/class_a10_2f/test_H0_70.19.png
206539	/home/kei/class_a10_2f/a10_env/lib/python3.12/site-packages/pip/_vendor/idna/uts46data.py
205979	/home/kei/class_a10_2f/a10_env/lib/python3.12/site-packages/pip/_vendor/rich/__pycache__/_emoji_codes.cpython-312.pyc
205574	/home/kei/class_a10_2f/packages/data/planck_2018/baseline/plc_3.0/hi_l/plik_lite/plik_lite_v22_TTTEEE.clik/clik/lkl_0/_external/bf_lite_plikTTTEEE_v22b_lowl_simall.minimum.theory_cl
205574	/home/kei/class_a10_2f/packages/data/planck_2018/baseline/plc_3.0/hi_l/plik_lite/plik_lite_v22_TT.clik/clik/lkl_0/_external/bf_lite_plikTTTEEE_v22b_lowl_simall.minimum.theory_cl
205574	/home/kei/class_a10_2f/cobaya_packages/data/planck_2018/baseline/plc_3.0/hi_l/plik_lite/plik_lite_v22_TTTEEE.clik/clik/lkl_0/_external/bf_lite_plikTTTEEE_v22b_lowl_simall.minimum.theory_cl
205574	/home/kei/class_a10_2f/cobaya_packages/data/planck_2018/baseline/plc_3.0/hi_l/plik_lite/plik_lite_v22_TT.clik/clik/lkl_0/_external/bf_lite_plikTTTEEE_v22b_lowl_simall.minimum.theory_cl
205033	/home/kei/class_a10_2f/source/transfer.c
205033	/home/kei/class_a10_2f/packages/code/classy_old/source/transfer.c
205033	/home/kei/class_a10_2f/packages/code/classy_old/build/lib.linux-x86_64-cpython-312/classy/source/transfer.c
205033	/home/kei/class_a10_2f/cobaya_packages/code/classy/source/transfer.c
205033	/home/kei/class_a10_2f/cobaya_packages/code/classy/build/lib.linux-x86_64-cpython-312/classy/source/transfer.c
205033	/home/kei/class_a10_2f/build/lib.linux-x86_64-cpython-312/classy/source/transfer.c
205033	/home/kei/class_a10_2f/a10_env/lib/python3.12/site-packages/classy/source/transfer.c
204607	/home/kei/class_a10_2f/a10_env/lib/python3.12/site-packages/astropy/table/tests/__pycache__/test_table.cpython-312.pyc
199982	/home/kei/class_a10_2f/a10_env/lib/python3.12/site-packages/getdist/__pycache__/plots.cpython-312.pyc
199734	/home/kei/class_a10_2f/a10_env/lib/python3.12/site-packages/astropy-7.2.0.dist-info/RECORD
196333	/home/kei/class_a10_2f/a10_main_rescue.log.BAK
196333	/home/kei/class_a10_2f/a10_main_rescue.log
194272	/home/kei/class_a10_2f/cmb_comparison.png
191960	/home/kei/class_a10_2f/packages/code/classy_old/external/HyRec2020/readme.pdf
191960	/home/kei/class_a10_2f/packages/code/classy_old/build/lib.linux-x86_64-cpython-312/classy/external/HyRec2020/readme.pdf
191960	/home/kei/class_a10_2f/external/HyRec2020/readme.pdf
191960	/home/kei/class_a10_2f/cobaya_packages/code/classy/external/HyRec2020/readme.pdf
191960	/home/kei/class_a10_2f/cobaya_packages/code/classy/build/lib.linux-x86_64-cpython-312/classy/external/HyRec2020/readme.pdf
191960	/home/kei/class_a10_2f/build/lib.linux-x86_64-cpython-312/classy/external/HyRec2020/readme.pdf
191960	/home/kei/class_a10_2f/a10_env/lib/python3.12/site-packages/classy/external/HyRec2020/readme.pdf
191829	/home/kei/class_a10_2f/packages/code/classy_old/doc/input/latex/class.pdf
191829	/home/kei/class_a10_2f/doc/input/latex/class.pdf
191829	/home/kei/class_a10_2f/cobaya_packages/code/classy/doc/input/latex/class.pdf
189269	/home/kei/class_a10_2f/a10_env/lib/python3.12/site-packages/astropy/modeling/__pycache__/core.cpython-312.pyc
187568	/home/kei/class_a10_2f/packages/data/bao_data/sdss_DR16_LYxQSO_BAO_DMDHgrid.txt
187568	/home/kei/class_a10_2f/cobaya_packages/data/bao_data/sdss_DR16_LYxQSO_BAO_DMDHgrid.txt
187499	/home/kei/class_a10_2f/packages/data/bao_data/sdss_DR16_LYAUTO_BAO_DMDHgrid.txt
187499	/home/kei/class_a10_2f/cobaya_packages/data/bao_data/sdss_DR16_LYAUTO_BAO_DMDHgrid.txt
187359	/home/kei/class_a10_2f/the_ratio_test.png
185925	/home/kei/class_a10_2f/packages/data/planck_2018/baseline/plc_3.0/hi_l/plik_lite/plik_lite_v22_TTTEEE.clik/clik/lkl_0/_external/bweight.dat
185925	/home/kei/class_a10_2f/packages/data/planck_2018/baseline/plc_3.0/hi_l/plik_lite/plik_lite_v22_TT.clik/clik/lkl_0/_external/bweight.dat
185925	/home/kei/class_a10_2f/cobaya_packages/data/planck_2018/baseline/plc_3.0/hi_l/plik_lite/plik_lite_v22_TTTEEE.clik/clik/lkl_0/_external/bweight.dat
185925	/home/kei/class_a10_2f/cobaya_packages/data/planck_2018/baseline/plc_3.0/hi_l/plik_lite/plik_lite_v22_TT.clik/clik/lkl_0/_external/bweight.dat
184320	/home/kei/class_a10_2f/packages/data/planck_2018/baseline/plc_3.0/lensing/smicadx12_Dec5_ftl_mv2_ndclpp_p_teb_consext8_CMBmarged.clik_lensing/clik_lensing/cors
184320	/home/kei/class_a10_2f/packages/data/planck_2018/baseline/plc_3.0/lensing/smicadx12_Dec5_ftl_mv2_ndclpp_p_teb_consext8_CMBmarged.clik_lensing/clik_lensing/bins
184320	/home/kei/class_a10_2f/packages/data/planck_2018/baseline/plc_3.0/lensing/smicadx12_Dec5_ftl_mv2_ndclpp_p_teb_consext8.clik_lensing/clik_lensing/bins
184320	/home/kei/class_a10_2f/cobaya_packages/data/planck_2018/baseline/plc_3.0/lensing/smicadx12_Dec5_ftl_mv2_ndclpp_p_teb_consext8_CMBmarged.clik_lensing/clik_lensing/cors
184320	/home/kei/class_a10_2f/cobaya_packages/data/planck_2018/baseline/plc_3.0/lensing/smicadx12_Dec5_ftl_mv2_ndclpp_p_teb_consext8_CMBmarged.clik_lensing/clik_lensing/bins
184320	/home/kei/class_a10_2f/cobaya_packages/data/planck_2018/baseline/plc_3.0/lensing/smicadx12_Dec5_ftl_mv2_ndclpp_p_teb_consext8.clik_lensing/clik_lensing/bins
184320	/home/kei/class_a10_2f/a10_env/lib/python3.12/site-packages/astropy/io/fits/hdu/compressed/tests/data/m13.fits
183841	/home/kei/class_a10_2f/a10_env/lib/python3.12/site-packages/astropy/modeling/core.py
183193	/home/kei/class_a10_2f/a10_env/lib/python3.12/site-packages/astropy/io/votable/__pycache__/tree.cpython-312.pyc
178984	/home/kei/class_a10_2f/a10_env/lib/python3.12/site-packages/astropy/io/fits/tests/__pycache__/test_header.cpython-312.pyc
178560	/home/kei/class_a10_2f/a10_env/lib/python3.12/site-packages/astropy/io/fits/hdu/compressed/tests/data/m13_plio.fits
177174	/home/kei/class_a10_2f/a10_env/lib/python3.12/site-packages/getdist/plots.py
176180	/home/kei/class_a10_2f/python/classy.pyx
176180	/home/kei/class_a10_2f/packages/code/classy_old/python/classy.pyx
176180	/home/kei/class_a10_2f/packages/code/classy_old/build/lib.linux-x86_64-cpython-312/classy/python/classy.pyx
176180	/home/kei/class_a10_2f/cobaya_packages/code/classy/python/classy.pyx
176180	/home/kei/class_a10_2f/cobaya_packages/code/classy/build/lib.linux-x86_64-cpython-312/classy/python/classy.pyx
176180	/home/kei/class_a10_2f/build/lib.linux-x86_64-cpython-312/classy/python/classy.pyx
176180	/home/kei/class_a10_2f/a10_env/lib/python3.12/site-packages/classy/python/classy.pyx
174286	/home/kei/class_a10_2f/a10_test_00_tk.dat
170888	/home/kei/class_a10_2f/build/injection.o
170144	/home/kei/class_a10_2f/cobaya_packages/code/classy/build/evolver_ndf15.o
170136	/home/kei/class_a10_2f/packages/code/classy_old/build/evolver_ndf15.o
170088	/home/kei/class_a10_2f/build/evolver_ndf15.o
168936	/home/kei/class_a10_2f/packages/code/classy_old/build/injection.o
168936	/home/kei/class_a10_2f/cobaya_packages/code/classy/build/injection.o
168334	/home/kei/class_a10_2f/a10_env/lib/python3.12/site-packages/astropy/io/votable/validator/data/urls/cone.good.dat.gz
168333	/home/kei/class_a10_2f/a10_env/lib/python3.12/site-packages/astropy/io/votable/validator/data/urls/cone.big.dat.gz
166706	/home/kei/class_a10_2f/a10_env/lib/python3.12/site-packages/astropy/table/__pycache__/table.cpython-312.pyc
165797	/home/kei/class_a10_2f/137_gate_evolution.png
161280	/home/kei/class_a10_2f/a10_env/lib/python3.12/site-packages/astropy/modeling/tests/data/1904-66_AZP.fits
160526	/home/kei/class_a10_2f/a10_env/lib/python3.12/site-packages/astropy/table/table.py
158892	/home/kei/class_a10_2f/diagnostic_true_mountain.png
158872	/home/kei/class_a10_2f/a10_env/lib/python3.12/site-packages/pip/_vendor/idna/__pycache__/uts46data.cpython-312.pyc
158453	/home/kei/class_a10_2f/a10_env/lib/python3.12/site-packages/astropy/coordinates/tests/__pycache__/test_representation.cpython-312.pyc
155618	/home/kei/class_a10_2f/a10_env/lib/python3.12/site-packages/astropy/time/tests/__pycache__/test_basic.cpython-312.pyc
154942	/home/kei/class_a10_2f/a10_env/lib/python3.12/site-packages/erfa/tests/test_ufunc.py
154849	/home/kei/class_a10_2f/a10_env/lib/python3.12/site-packages/astropy/io/fits/tests/test_table.py
152655	/home/kei/class_a10_2f/a10_env/lib/python3.12/site-packages/astropy/io/votable/tree.py
152245	/home/kei/class_a10_2f/a10_env/lib/python3.12/site-packages/astropy/modeling/tests/__pycache__/test_bounding_box.cpython-312.pyc
151419	/home/kei/class_a10_2f/diagnostic_rs_ignition.png
151012	/home/kei/class_a10_2f/diagnostic_final_ignition.png
149432	/home/kei/class_a10_2f/cmb_spectrum_a10.png
147969	/home/kei/class_a10_2f/packages/data/planck_supp_data_and_covmats/lensing/2018/smicadx12_Dec5_ftl_mv2_ndclpp_p_teb_agr2_lens_delta_window/window5.dat
147969	/home/kei/class_a10_2f/cobaya_packages/data/planck_supp_data_and_covmats/lensing/2018/smicadx12_Dec5_ftl_mv2_ndclpp_p_teb_agr2_lens_delta_window/window5.dat
147961	/home/kei/class_a10_2f/packages/data/planck_supp_data_and_covmats/lensing/2018/smicadx12_Dec5_ftl_mv2_ndclpp_p_teb_consext8_lens_delta_window/window4.dat
147961	/home/kei/class_a10_2f/cobaya_packages/data/planck_supp_data_and_covmats/lensing/2018/smicadx12_Dec5_ftl_mv2_ndclpp_p_teb_consext8_lens_delta_window/window4.dat
147950	/home/kei/class_a10_2f/packages/data/planck_supp_data_and_covmats/lensing/2018/smicadx12_Dec5_ftl_mv2_ndclpp_p_teb_consext8_lens_delta_window/window3.dat
147950	/home/kei/class_a10_2f/cobaya_packages/data/planck_supp_data_and_covmats/lensing/2018/smicadx12_Dec5_ftl_mv2_ndclpp_p_teb_consext8_lens_delta_window/window3.dat
147916	/home/kei/class_a10_2f/packages/data/planck_supp_data_and_covmats/lensing/2018/smicadx12_Dec5_ftl_mv2_ndclpp_p_teb_agr2_lens_delta_window/window6.dat
147916	/home/kei/class_a10_2f/cobaya_packages/data/planck_supp_data_and_covmats/lensing/2018/smicadx12_Dec5_ftl_mv2_ndclpp_p_teb_agr2_lens_delta_window/window6.dat
147896	/home/kei/class_a10_2f/packages/data/planck_supp_data_and_covmats/lensing/2018/smicadx12_Dec5_ftl_mv2_ndclpp_p_teb_agr2_lens_delta_window/window4.dat
147896	/home/kei/class_a10_2f/cobaya_packages/data/planck_supp_data_and_covmats/lensing/2018/smicadx12_Dec5_ftl_mv2_ndclpp_p_teb_agr2_lens_delta_window/window4.dat
147826	/home/kei/class_a10_2f/packages/data/planck_supp_data_and_covmats/lensing/2018/smicadx12_Dec5_ftl_mv2_ndclpp_p_teb_consext8_lens_delta_window/window5.dat
147826	/home/kei/class_a10_2f/cobaya_packages/data/planck_supp_data_and_covmats/lensing/2018/smicadx12_Dec5_ftl_mv2_ndclpp_p_teb_consext8_lens_delta_window/window5.dat
147823	/home/kei/class_a10_2f/packages/data/planck_supp_data_and_covmats/lensing/2018/smicadx12_Dec5_ftl_mv2_ndclpp_p_teb_consext8_lens_delta_window/window2.dat
147823	/home/kei/class_a10_2f/cobaya_packages/data/planck_supp_data_and_covmats/lensing/2018/smicadx12_Dec5_ftl_mv2_ndclpp_p_teb_consext8_lens_delta_window/window2.dat
147783	/home/kei/class_a10_2f/packages/data/planck_supp_data_and_covmats/lensing/2018/smicadx12_Dec5_ftl_mv2_ndclpp_p_teb_agr2_lens_delta_window/window3.dat
147783	/home/kei/class_a10_2f/cobaya_packages/data/planck_supp_data_and_covmats/lensing/2018/smicadx12_Dec5_ftl_mv2_ndclpp_p_teb_agr2_lens_delta_window/window3.dat
147724	/home/kei/class_a10_2f/a10_env/lib/python3.12/site-packages/getdist/gui/streamlit_app.py
147689	/home/kei/class_a10_2f/packages/data/planck_supp_data_and_covmats/lensing/2018/smicadx12_Dec5_ftl_mv2_ndclpp_p_teb_consext8_lens_delta_window/window1.dat
147689	/home/kei/class_a10_2f/packages/data/planck_supp_data_and_covmats/lensing/2018/smicadx12_Dec5_ftl_mv2_ndclpp_p_teb_agr2_lens_delta_window/window2.dat
147689	/home/kei/class_a10_2f/cobaya_packages/data/planck_supp_data_and_covmats/lensing/2018/smicadx12_Dec5_ftl_mv2_ndclpp_p_teb_consext8_lens_delta_window/window1.dat
147689	/home/kei/class_a10_2f/cobaya_packages/data/planck_supp_data_and_covmats/lensing/2018/smicadx12_Dec5_ftl_mv2_ndclpp_p_teb_agr2_lens_delta_window/window2.dat
147655	/home/kei/class_a10_2f/packages/data/planck_supp_data_and_covmats/lensing/2018/smicadx12_Dec5_ftl_mv2_ndclpp_p_teb_agr2_lens_delta_window/window1.dat
147655	/home/kei/class_a10_2f/cobaya_packages/data/planck_supp_data_and_covmats/lensing/2018/smicadx12_Dec5_ftl_mv2_ndclpp_p_teb_agr2_lens_delta_window/window1.dat
147613	/home/kei/class_a10_2f/packages/data/planck_supp_data_and_covmats/lensing/2018/smicadx12_Dec5_ftl_mv2_ndclpp_p_teb_agr2_lens_delta_window/window7.dat
147613	/home/kei/class_a10_2f/cobaya_packages/data/planck_supp_data_and_covmats/lensing/2018/smicadx12_Dec5_ftl_mv2_ndclpp_p_teb_agr2_lens_delta_window/window7.dat
147507	/home/kei/class_a10_2f/packages/data/planck_supp_data_and_covmats/lensing/2018/smicadx12_Dec5_ftl_mv2_ndclpp_p_teb_consext8_lens_delta_window/window6.dat
147507	/home/kei/class_a10_2f/cobaya_packages/data/planck_supp_data_and_covmats/lensing/2018/smicadx12_Dec5_ftl_mv2_ndclpp_p_teb_consext8_lens_delta_window/window6.dat
147357	/home/kei/class_a10_2f/packages/data/planck_supp_data_and_covmats/lensing/2018/smicadx12_Dec5_ftl_mv2_ndclpp_p_teb_consext8_lens_delta_window/window8.dat
147357	/home/kei/class_a10_2f/cobaya_packages/data/planck_supp_data_and_covmats/lensing/2018/smicadx12_Dec5_ftl_mv2_ndclpp_p_teb_consext8_lens_delta_window/window8.dat
147341	/home/kei/class_a10_2f/packages/data/planck_supp_data_and_covmats/lensing/2018/smicadx12_Dec5_ftl_mv2_ndclpp_p_teb_agr2_lens_delta_window/window12.dat
147341	/home/kei/class_a10_2f/cobaya_packages/data/planck_supp_data_and_covmats/lensing/2018/smicadx12_Dec5_ftl_mv2_ndclpp_p_teb_agr2_lens_delta_window/window12.dat
147332	/home/kei/class_a10_2f/packages/data/planck_supp_data_and_covmats/lensing/2018/smicadx12_Dec5_ftl_mv2_ndclpp_p_teb_agr2_lens_delta_window/window10.dat
147332	/home/kei/class_a10_2f/cobaya_packages/data/planck_supp_data_and_covmats/lensing/2018/smicadx12_Dec5_ftl_mv2_ndclpp_p_teb_agr2_lens_delta_window/window10.dat
147319	/home/kei/class_a10_2f/packages/data/planck_supp_data_and_covmats/lensing/2018/smicadx12_Dec5_ftl_mv2_ndclpp_p_teb_agr2_lens_delta_window/window9.dat
147319	/home/kei/class_a10_2f/cobaya_packages/data/planck_supp_data_and_covmats/lensing/2018/smicadx12_Dec5_ftl_mv2_ndclpp_p_teb_agr2_lens_delta_window/window9.dat
147315	/home/kei/class_a10_2f/packages/data/planck_supp_data_and_covmats/lensing/2018/smicadx12_Dec5_ftl_mv2_ndclpp_p_teb_consext8_lens_delta_window/window9.dat
147315	/home/kei/class_a10_2f/cobaya_packages/data/planck_supp_data_and_covmats/lensing/2018/smicadx12_Dec5_ftl_mv2_ndclpp_p_teb_consext8_lens_delta_window/window9.dat
147310	/home/kei/class_a10_2f/packages/data/planck_supp_data_and_covmats/lensing/2018/smicadx12_Dec5_ftl_mv2_ndclpp_p_teb_agr2_lens_delta_window/window11.dat
147310	/home/kei/class_a10_2f/cobaya_packages/data/planck_supp_data_and_covmats/lensing/2018/smicadx12_Dec5_ftl_mv2_ndclpp_p_teb_agr2_lens_delta_window/window11.dat
147302	/home/kei/class_a10_2f/packages/data/planck_supp_data_and_covmats/lensing/2018/smicadx12_Dec5_ftl_mv2_ndclpp_p_teb_agr2_lens_delta_window/window8.dat
147302	/home/kei/class_a10_2f/cobaya_packages/data/planck_supp_data_and_covmats/lensing/2018/smicadx12_Dec5_ftl_mv2_ndclpp_p_teb_agr2_lens_delta_window/window8.dat
147291	/home/kei/class_a10_2f/packages/data/planck_supp_data_and_covmats/lensing/2018/smicadx12_Dec5_ftl_mv2_ndclpp_p_teb_consext8_lens_delta_window/window7.dat
147291	/home/kei/class_a10_2f/cobaya_packages/data/planck_supp_data_and_covmats/lensing/2018/smicadx12_Dec5_ftl_mv2_ndclpp_p_teb_consext8_lens_delta_window/window7.dat
147282	/home/kei/class_a10_2f/packages/data/planck_supp_data_and_covmats/lensing/2018/smicadx12_Dec5_ftl_mv2_ndclpp_p_teb_agr2_lens_delta_window/window13.dat
147282	/home/kei/class_a10_2f/cobaya_packages/data/planck_supp_data_and_covmats/lensing/2018/smicadx12_Dec5_ftl_mv2_ndclpp_p_teb_agr2_lens_delta_window/window13.dat
147181	/home/kei/class_a10_2f/diagnostic_rs_single.png
147085	/home/kei/class_a10_2f/a10_env/lib/python3.12/site-packages/getdist/gui/__pycache__/mainwindow.cpython-312.pyc
146925	/home/kei/class_a10_2f/packages/data/planck_supp_data_and_covmats/lensing/2018/smicadx12_Dec5_ftl_mv2_ndclpp_p_teb_agr2_lens_delta_window/window14.dat
146925	/home/kei/class_a10_2f/cobaya_packages/data/planck_supp_data_and_covmats/lensing/2018/smicadx12_Dec5_ftl_mv2_ndclpp_p_teb_agr2_lens_delta_window/window14.dat
146476	/home/kei/class_a10_2f/a10_env/lib/python3.12/site-packages/pip/_vendor/pkg_resources/__pycache__/__init__.cpython-312.pyc
146449	/home/kei/class_a10_2f/The_Final_Universe.png
145844	/home/kei/class_a10_2f/a10_env/lib/python3.12/site-packages/getdist/__pycache__/mcsamples.cpython-312.pyc
141876	/home/kei/class_a10_2f/a10_env/lib/python3.12/site-packages/astropy/wcs/wcs.py
141789	/home/kei/class_a10_2f/a10_env/lib/python3.12/site-packages/getdist/gui/__pycache__/streamlit_app.cpython-312.pyc
141113	/home/kei/class_a10_2f/a10_single_victory.png
140399	/home/kei/class_a10_2f/a10_env/lib/python3.12/site-packages/astropy/modeling/__pycache__/functional_models.cpython-312.pyc
140235	/home/kei/class_a10_2f/a10_env/lib/python3.12/site-packages/pip/_vendor/rich/_emoji_codes.py
139790	/home/kei/class_a10_2f/a10_env/lib/python3.12/site-packages/astropy/utils/masked/tests/__pycache__/test_function_helpers.cpython-312.pyc
138983	/home/kei/class_a10_2f/a10_env/lib/python3.12/site-packages/astropy/wcs/__pycache__/wcs.cpython-312.pyc
137736	/home/kei/class_a10_2f/a10_env/lib/python3.12/site-packages/astropy/extern/ply/yacc.py
134137	/home/kei/class_a10_2f/a10_env/lib/python3.12/site-packages/astropy/wcs/tests/__pycache__/test_wcs.cpython-312.pyc
134103	/home/kei/class_a10_2f/a10_env/lib/python3.12/site-packages/astropy/time/__pycache__/core.cpython-312.pyc
132437	/home/kei/class_a10_2f/a10_env/lib/python3.12/site-packages/astropy/units/tests/__pycache__/test_quantity.cpython-312.pyc
131600	/home/kei/class_a10_2f/source/primordial.c
131600	/home/kei/class_a10_2f/packages/code/classy_old/source/primordial.c
131600	/home/kei/class_a10_2f/packages/code/classy_old/build/lib.linux-x86_64-cpython-312/classy/source/primordial.c
131600	/home/kei/class_a10_2f/cobaya_packages/code/classy/source/primordial.c
131600	/home/kei/class_a10_2f/cobaya_packages/code/classy/build/lib.linux-x86_64-cpython-312/classy/source/primordial.c
131600	/home/kei/class_a10_2f/build/lib.linux-x86_64-cpython-312/classy/source/primordial.c
131600	/home/kei/class_a10_2f/a10_env/lib/python3.12/site-packages/classy/source/primordial.c
129232	/home/kei/class_a10_2f/cobaya_packages/code/classy/build/history.o
129224	/home/kei/class_a10_2f/packages/code/classy_old/build/history.o
129176	/home/kei/class_a10_2f/build/history.o
129121	/home/kei/class_a10_2f/a10_env/lib/python3.12/site-packages/astropy/time/core.py
129094	/home/kei/class_a10_2f/a10_env/lib/python3.12/site-packages/astropy/utils/tests/__pycache__/test_data.cpython-312.pyc
128035	/home/kei/class_a10_2f/a10_env/lib/python3.12/site-packages/pip/_vendor/chardet/langrussianmodel.py
126580	/home/kei/class_a10_2f/source/background.c
126580	/home/kei/class_a10_2f/build/lib.linux-x86_64-cpython-312/classy/source/background.c
125400	/home/kei/class_a10_2f/.git/objects/pack/pack-5e49e2e09b8ef64a0e788582c6a0cf52cd9aaa32.rev
124767	/home/kei/class_a10_2f/a10_env/lib/python3.12/site-packages/classy/source/background.c
123840	/home/kei/class_a10_2f/a10_env/lib/python3.12/site-packages/astropy/io/fits/hdu/compressed/tests/data/m13_gzip.fits
123328	/home/kei/class_a10_2f/packages/code/classy_old/build/hydrogen.o
123328	/home/kei/class_a10_2f/cobaya_packages/code/classy/build/hydrogen.o
123272	/home/kei/class_a10_2f/build/hydrogen.o
123187	/home/kei/class_a10_2f/a10_env/lib/python3.12/site-packages/astropy/units/tests/__pycache__/test_quantity_ufuncs.cpython-312.pyc
123034	/home/kei/class_a10_2f/a10_env/lib/python3.12/site-packages/astropy/table/tests/__pycache__/test_operations.cpython-312.pyc
122998	/home/kei/class_a10_2f/a10_env/lib/python3.12/site-packages/getdist/mcsamples.py
122937	/home/kei/class_a10_2f/a10_env/lib/python3.12/site-packages/astropy/io/fits/tests/test_header.py
122051	/home/kei/class_a10_2f/a10_env/lib/python3.12/site-packages/pip/_vendor/__pycache__/typing_extensions.cpython-312.pyc
121541	/home/kei/class_a10_2f/packages/data/planck_supp_data_and_covmats/lensing/2015/smica_g30_ftl_full_pp_lens_delta_window/window3.dat
121541	/home/kei/class_a10_2f/cobaya_packages/data/planck_supp_data_and_covmats/lensing/2015/smica_g30_ftl_full_pp_lens_delta_window/window3.dat
121477	/home/kei/class_a10_2f/packages/data/planck_supp_data_and_covmats/lensing/2015/smica_g30_ftl_full_pp_lens_delta_window/window2.dat
121477	/home/kei/class_a10_2f/cobaya_packages/data/planck_supp_data_and_covmats/lensing/2015/smica_g30_ftl_full_pp_lens_delta_window/window2.dat
121439	/home/kei/class_a10_2f/packages/data/planck_supp_data_and_covmats/lensing/2015/smica_g30_ftl_full_pp_lens_delta_window/window4.dat
121439	/home/kei/class_a10_2f/cobaya_packages/data/planck_supp_data_and_covmats/lensing/2015/smica_g30_ftl_full_pp_lens_delta_window/window4.dat
121302	/home/kei/class_a10_2f/packages/data/planck_supp_data_and_covmats/lensing/2015/smica_g30_ftl_full_pp_lens_delta_window/window1.dat
121302	/home/kei/class_a10_2f/cobaya_packages/data/planck_supp_data_and_covmats/lensing/2015/smica_g30_ftl_full_pp_lens_delta_window/window1.dat
121105	/home/kei/class_a10_2f/packages/data/planck_supp_data_and_covmats/lensing/2015/smica_g30_ftl_full_pp_lens_delta_window/window5.dat
121105	/home/kei/class_a10_2f/cobaya_packages/data/planck_supp_data_and_covmats/lensing/2015/smica_g30_ftl_full_pp_lens_delta_window/window5.dat
120834	/home/kei/class_a10_2f/packages/data/planck_supp_data_and_covmats/lensing/2015/smica_g30_ftl_full_pp_lens_delta_window/window6.dat
120834	/home/kei/class_a10_2f/cobaya_packages/data/planck_supp_data_and_covmats/lensing/2015/smica_g30_ftl_full_pp_lens_delta_window/window6.dat
120818	/home/kei/class_a10_2f/packages/data/planck_supp_data_and_covmats/lensing/2015/smica_g30_ftl_full_pp_lens_delta_window/window7.dat
120818	/home/kei/class_a10_2f/cobaya_packages/data/planck_supp_data_and_covmats/lensing/2015/smica_g30_ftl_full_pp_lens_delta_window/window7.dat
120744	/home/kei/class_a10_2f/packages/data/planck_supp_data_and_covmats/lensing/2015/smica_g30_ftl_full_pp_lens_delta_window/window8.dat
120744	/home/kei/class_a10_2f/cobaya_packages/data/planck_supp_data_and_covmats/lensing/2015/smica_g30_ftl_full_pp_lens_delta_window/window8.dat
120585	/home/kei/class_a10_2f/a10_env/lib/python3.12/site-packages/astropy/modeling/functional_models.py
120443	/home/kei/class_a10_2f/a10_env/lib/python3.12/site-packages/astropy/coordinates/tests/__pycache__/test_sky_coord.cpython-312.pyc
119151	/home/kei/class_a10_2f/packages/code/classy_old/source/background.c
119151	/home/kei/class_a10_2f/packages/code/classy_old/build/lib.linux-x86_64-cpython-312/classy/source/background.c
119151	/home/kei/class_a10_2f/cobaya_packages/code/classy/source/background.c
119151	/home/kei/class_a10_2f/cobaya_packages/code/classy/build/lib.linux-x86_64-cpython-312/classy/source/background.c
117693	/home/kei/class_a10_2f/a10_env/lib/python3.12/site-packages/astropy/utils/masked/tests/__pycache__/test_masked.cpython-312.pyc
114325	/home/kei/class_a10_2f/a10_env/lib/python3.12/site-packages/astropy/modeling/tests/test_bounding_box.py
113796	/home/kei/class_a10_2f/a10_env/lib/python3.12/site-packages/pip/_vendor/rich/__pycache__/console.cpython-312.pyc
113220	/home/kei/class_a10_2f/packages/code/classy_old/doc/input/doxyconf
113220	/home/kei/class_a10_2f/doc/input/doxyconf
113220	/home/kei/class_a10_2f/cobaya_packages/code/classy/doc/input/doxyconf
112645	/home/kei/class_a10_2f/a10_env/lib/python3.12/site-packages/astropy/table/tests/test_table.py
111830	/home/kei/class_a10_2f/a10_env/lib/python3.12/site-packages/astropy/wcs/src/wcslib_wrap.c
111130	/home/kei/class_a10_2f/a10_env/lib/python3.12/site-packages/pip/_vendor/typing_extensions.py
109364	/home/kei/class_a10_2f/a10_env/lib/python3.12/site-packages/pip/_vendor/pkg_resources/__init__.py
108591	/home/kei/class_a10_2f/packages/data/sn_data/DES-Dovekie/DES-Dovekie_HD.csv
108591	/home/kei/class_a10_2f/cobaya_packages/data/sn_data/DES-Dovekie/DES-Dovekie_HD.csv
108222	/home/kei/class_a10_2f/a10_env/lib/python3.12/site-packages/astropy/units/__pycache__/core.cpython-312.pyc
107236	/home/kei/class_a10_2f/a10_env/lib/python3.12/site-packages/astropy/io/fits/tests/__pycache__/test_core.cpython-312.pyc
106664	/home/kei/class_a10_2f/source/fourier.c
106664	/home/kei/class_a10_2f/packages/code/classy_old/source/fourier.c
106664	/home/kei/class_a10_2f/packages/code/classy_old/build/lib.linux-x86_64-cpython-312/classy/source/fourier.c
106664	/home/kei/class_a10_2f/cobaya_packages/code/classy/source/fourier.c
106664	/home/kei/class_a10_2f/cobaya_packages/code/classy/build/lib.linux-x86_64-cpython-312/classy/source/fourier.c
106664	/home/kei/class_a10_2f/build/lib.linux-x86_64-cpython-312/classy/source/fourier.c
106664	/home/kei/class_a10_2f/a10_env/lib/python3.12/site-packages/classy/source/fourier.c
105253	/home/kei/class_a10_2f/a10_env/lib/python3.12/site-packages/pip/_vendor/chardet/__pycache__/langrussianmodel.cpython-312.pyc
104562	/home/kei/class_a10_2f/a10_env/lib/python3.12/site-packages/pip/_vendor/chardet/langbulgarianmodel.py
104523	/home/kei/class_a10_2f/a10_env/lib/python3.12/site-packages/astropy/units/tests/test_quantity_non_ufuncs.py
104361	/home/kei/class_a10_2f/a10_env/lib/python3.12/site-packages/dill/__pycache__/_dill.cpython-312.pyc
104353	/home/kei/class_a10_2f/a10_env/lib/python3.12/site-packages/astropy/coordinates/tests/__pycache__/test_frames.cpython-312.pyc
104228	/home/kei/class_a10_2f/all_code.txt
103745	/home/kei/class_a10_2f/a10_env/lib/python3.12/site-packages/astropy/time/tests/test_basic.py
103618	/home/kei/class_a10_2f/packages/data/sn_data/JLA/jla_lcparams.txt
103618	/home/kei/class_a10_2f/cobaya_packages/data/sn_data/JLA/jla_lcparams.txt
103248	/home/kei/class_a10_2f/packages/code/classy_old/build/quadrature.o
103248	/home/kei/class_a10_2f/cobaya_packages/code/classy/build/quadrature.o
103192	/home/kei/class_a10_2f/build/quadrature.o
103017	/home/kei/class_a10_2f/packages/code/classy_old/external/HyRec2020/two_photon_tables_hires.dat
103017	/home/kei/class_a10_2f/packages/code/classy_old/build/lib.linux-x86_64-cpython-312/classy/external/HyRec2020/two_photon_tables_hires.dat
103017	/home/kei/class_a10_2f/external/HyRec2020/two_photon_tables_hires.dat
